id,algorithm,dataset_type,n_features,n_centers,estimated_n_centers,cluster_std,init_method,distance_metric,criterion,accuracy
0,uofc,gaussian,2,2,2,0.5,,,silhouette,100.0
0,uofc,gaussian,2,2,2,0.5,,,trace,100.0
0,uofc,gaussian,2,2,6,0.5,,,hypervolume,35.8
0,uofc,gaussian,2,2,2,0.5,,,partition_density,100.0
0,uofc,gaussian,2,2,7,0.5,,,avg_partition_density,37.4
0,uofc,gaussian,2,2,2,0.5,,,max_avg_partition_density,100.0
0,uofc,gaussian,2,2,7,0.5,,,normalized_partition_coeff,37.4
0,uofc,gaussian,2,2,7,0.5,,,invariant,37.4
1,uofc,gaussian,2,2,2,1.0,,,silhouette,100.0
1,uofc,gaussian,2,2,2,1.0,,,trace,100.0
1,uofc,gaussian,2,2,6,1.0,,,hypervolume,35.8
1,uofc,gaussian,2,2,2,1.0,,,partition_density,100.0
1,uofc,gaussian,2,2,7,1.0,,,avg_partition_density,37.3
1,uofc,gaussian,2,2,2,1.0,,,max_avg_partition_density,100.0
1,uofc,gaussian,2,2,7,1.0,,,normalized_partition_coeff,37.3
1,uofc,gaussian,2,2,7,1.0,,,invariant,37.3
2,uofc,gaussian,2,2,2,2.0,,,silhouette,99.6
2,uofc,gaussian,2,2,2,2.0,,,trace,99.6
2,uofc,gaussian,2,2,7,2.0,,,hypervolume,32.800000000000004
2,uofc,gaussian,2,2,2,2.0,,,partition_density,99.6
2,uofc,gaussian,2,2,7,2.0,,,avg_partition_density,32.800000000000004
2,uofc,gaussian,2,2,2,2.0,,,max_avg_partition_density,99.6
2,uofc,gaussian,2,2,7,2.0,,,normalized_partition_coeff,32.800000000000004
2,uofc,gaussian,2,2,7,2.0,,,invariant,32.800000000000004
3,uofc,gaussian,2,2,2,2.5,,,silhouette,97.39999999999999
3,uofc,gaussian,2,2,2,2.5,,,trace,97.39999999999999
3,uofc,gaussian,2,2,7,2.5,,,hypervolume,33.2
3,uofc,gaussian,2,2,2,2.5,,,partition_density,97.39999999999999
3,uofc,gaussian,2,2,7,2.5,,,avg_partition_density,33.2
3,uofc,gaussian,2,2,2,2.5,,,max_avg_partition_density,97.39999999999999
3,uofc,gaussian,2,2,7,2.5,,,normalized_partition_coeff,33.2
3,uofc,gaussian,2,2,7,2.5,,,invariant,33.2
4,uofc,gaussian,2,3,3,0.5,,,silhouette,100.0
4,uofc,gaussian,2,3,3,0.5,,,trace,100.0
4,uofc,gaussian,2,3,7,0.5,,,hypervolume,47.5
4,uofc,gaussian,2,3,3,0.5,,,partition_density,100.0
4,uofc,gaussian,2,3,6,0.5,,,avg_partition_density,76.5
4,uofc,gaussian,2,3,3,0.5,,,max_avg_partition_density,100.0
4,uofc,gaussian,2,3,2,0.5,,,normalized_partition_coeff,66.7
4,uofc,gaussian,2,3,6,0.5,,,invariant,76.5
5,uofc,gaussian,2,3,3,1.0,,,silhouette,100.0
5,uofc,gaussian,2,3,3,1.0,,,trace,100.0
5,uofc,gaussian,2,3,7,1.0,,,hypervolume,47.699999999999996
5,uofc,gaussian,2,3,3,1.0,,,partition_density,100.0
5,uofc,gaussian,2,3,7,1.0,,,avg_partition_density,47.699999999999996
5,uofc,gaussian,2,3,3,1.0,,,max_avg_partition_density,100.0
5,uofc,gaussian,2,3,2,1.0,,,normalized_partition_coeff,66.7
5,uofc,gaussian,2,3,7,1.0,,,invariant,47.699999999999996
6,uofc,gaussian,2,3,3,2.0,,,silhouette,99.6
6,uofc,gaussian,2,3,3,2.0,,,trace,99.6
6,uofc,gaussian,2,3,7,2.0,,,hypervolume,46.0
6,uofc,gaussian,2,3,3,2.0,,,partition_density,99.6
6,uofc,gaussian,2,3,7,2.0,,,avg_partition_density,46.0
6,uofc,gaussian,2,3,2,2.0,,,max_avg_partition_density,66.7
6,uofc,gaussian,2,3,7,2.0,,,normalized_partition_coeff,46.0
6,uofc,gaussian,2,3,7,2.0,,,invariant,46.0
7,uofc,gaussian,2,3,3,2.5,,,silhouette,98.4
7,uofc,gaussian,2,3,3,2.5,,,trace,98.4
7,uofc,gaussian,2,3,7,2.5,,,hypervolume,47.099999999999994
7,uofc,gaussian,2,3,3,2.5,,,partition_density,98.4
7,uofc,gaussian,2,3,7,2.5,,,avg_partition_density,47.099999999999994
7,uofc,gaussian,2,3,2,2.5,,,max_avg_partition_density,66.7
7,uofc,gaussian,2,3,7,2.5,,,normalized_partition_coeff,47.099999999999994
7,uofc,gaussian,2,3,7,2.5,,,invariant,47.099999999999994
8,uofc,gaussian,2,4,4,0.5,,,silhouette,100.0
8,uofc,gaussian,2,4,4,0.5,,,trace,100.0
8,uofc,gaussian,2,4,7,0.5,,,hypervolume,71.89999999999999
8,uofc,gaussian,2,4,4,0.5,,,partition_density,100.0
8,uofc,gaussian,2,4,7,0.5,,,avg_partition_density,71.89999999999999
8,uofc,gaussian,2,4,4,0.5,,,max_avg_partition_density,100.0
8,uofc,gaussian,2,4,2,0.5,,,normalized_partition_coeff,50.0
8,uofc,gaussian,2,4,7,0.5,,,invariant,71.89999999999999
9,uofc,gaussian,2,4,4,1.0,,,silhouette,99.9
9,uofc,gaussian,2,4,4,1.0,,,trace,99.9
9,uofc,gaussian,2,4,6,1.0,,,hypervolume,76.2
9,uofc,gaussian,2,4,4,1.0,,,partition_density,99.9
9,uofc,gaussian,2,4,7,1.0,,,avg_partition_density,71.8
9,uofc,gaussian,2,4,4,1.0,,,max_avg_partition_density,99.9
9,uofc,gaussian,2,4,2,1.0,,,normalized_partition_coeff,50.0
9,uofc,gaussian,2,4,7,1.0,,,invariant,71.8
10,uofc,gaussian,2,4,3,2.0,,,silhouette,75.0
10,uofc,gaussian,2,4,4,2.0,,,trace,97.2
10,uofc,gaussian,2,4,7,2.0,,,hypervolume,63.1
10,uofc,gaussian,2,4,4,2.0,,,partition_density,97.2
10,uofc,gaussian,2,4,7,2.0,,,avg_partition_density,63.1
10,uofc,gaussian,2,4,2,2.0,,,max_avg_partition_density,50.0
10,uofc,gaussian,2,4,7,2.0,,,normalized_partition_coeff,63.1
10,uofc,gaussian,2,4,7,2.0,,,invariant,63.1
11,uofc,gaussian,2,4,3,2.5,,,silhouette,74.6
11,uofc,gaussian,2,4,4,2.5,,,trace,93.89999999999999
11,uofc,gaussian,2,4,7,2.5,,,hypervolume,61.7
11,uofc,gaussian,2,4,4,2.5,,,partition_density,93.89999999999999
11,uofc,gaussian,2,4,7,2.5,,,avg_partition_density,61.7
11,uofc,gaussian,2,4,2,2.5,,,max_avg_partition_density,50.0
11,uofc,gaussian,2,4,7,2.5,,,normalized_partition_coeff,61.7
11,uofc,gaussian,2,4,7,2.5,,,invariant,61.7
12,uofc,gaussian,2,5,5,0.5,,,silhouette,100.0
12,uofc,gaussian,2,5,5,0.5,,,trace,100.0
12,uofc,gaussian,2,5,7,0.5,,,hypervolume,81.0
12,uofc,gaussian,2,5,5,0.5,,,partition_density,100.0
12,uofc,gaussian,2,5,7,0.5,,,avg_partition_density,81.0
12,uofc,gaussian,2,5,5,0.5,,,max_avg_partition_density,100.0
12,uofc,gaussian,2,5,2,0.5,,,normalized_partition_coeff,40.0
12,uofc,gaussian,2,5,2,0.5,,,invariant,40.0
13,uofc,gaussian,2,5,4,1.0,,,silhouette,79.9
13,uofc,gaussian,2,5,6,1.0,,,trace,87.9
13,uofc,gaussian,2,5,7,1.0,,,hypervolume,78.8
13,uofc,gaussian,2,5,6,1.0,,,partition_density,87.9
13,uofc,gaussian,2,5,7,1.0,,,avg_partition_density,78.8
13,uofc,gaussian,2,5,3,1.0,,,max_avg_partition_density,60.0
13,uofc,gaussian,2,5,2,1.0,,,normalized_partition_coeff,40.0
13,uofc,gaussian,2,5,2,1.0,,,invariant,40.0
14,uofc,gaussian,2,5,3,2.0,,,silhouette,60.0
14,uofc,gaussian,2,5,5,2.0,,,trace,89.3
14,uofc,gaussian,2,5,7,2.0,,,hypervolume,71.0
14,uofc,gaussian,2,5,5,2.0,,,partition_density,89.3
14,uofc,gaussian,2,5,7,2.0,,,avg_partition_density,71.0
14,uofc,gaussian,2,5,3,2.0,,,max_avg_partition_density,60.0
14,uofc,gaussian,2,5,7,2.0,,,normalized_partition_coeff,71.0
14,uofc,gaussian,2,5,7,2.0,,,invariant,71.0
15,uofc,gaussian,2,5,3,2.5,,,silhouette,59.699999999999996
15,uofc,gaussian,2,5,4,2.5,,,trace,74.8
15,uofc,gaussian,2,5,7,2.5,,,hypervolume,64.60000000000001
15,uofc,gaussian,2,5,3,2.5,,,partition_density,59.699999999999996
15,uofc,gaussian,2,5,7,2.5,,,avg_partition_density,64.60000000000001
15,uofc,gaussian,2,5,3,2.5,,,max_avg_partition_density,59.699999999999996
15,uofc,gaussian,2,5,7,2.5,,,normalized_partition_coeff,64.60000000000001
15,uofc,gaussian,2,5,7,2.5,,,invariant,64.60000000000001
16,uofc,gaussian,2,6,4,0.5,,,silhouette,66.8
16,uofc,gaussian,2,6,6,0.5,,,trace,99.4
16,uofc,gaussian,2,6,6,0.5,,,hypervolume,99.4
16,uofc,gaussian,2,6,6,0.5,,,partition_density,99.4
16,uofc,gaussian,2,6,7,0.5,,,avg_partition_density,91.2
16,uofc,gaussian,2,6,4,0.5,,,max_avg_partition_density,66.8
16,uofc,gaussian,2,6,2,0.5,,,normalized_partition_coeff,33.4
16,uofc,gaussian,2,6,2,0.5,,,invariant,33.4
17,uofc,gaussian,2,6,4,1.0,,,silhouette,66.8
17,uofc,gaussian,2,6,6,1.0,,,trace,94.69999999999999
17,uofc,gaussian,2,6,6,1.0,,,hypervolume,94.69999999999999
17,uofc,gaussian,2,6,6,1.0,,,partition_density,94.69999999999999
17,uofc,gaussian,2,6,7,1.0,,,avg_partition_density,85.7
17,uofc,gaussian,2,6,4,1.0,,,max_avg_partition_density,66.8
17,uofc,gaussian,2,6,2,1.0,,,normalized_partition_coeff,33.4
17,uofc,gaussian,2,6,7,1.0,,,invariant,85.7
18,uofc,gaussian,2,6,3,2.0,,,silhouette,50.1
18,uofc,gaussian,2,6,4,2.0,,,trace,65.60000000000001
18,uofc,gaussian,2,6,7,2.0,,,hypervolume,73.2
18,uofc,gaussian,2,6,4,2.0,,,partition_density,65.60000000000001
18,uofc,gaussian,2,6,7,2.0,,,avg_partition_density,73.2
18,uofc,gaussian,2,6,3,2.0,,,max_avg_partition_density,50.1
18,uofc,gaussian,2,6,7,2.0,,,normalized_partition_coeff,73.2
18,uofc,gaussian,2,6,7,2.0,,,invariant,73.2
19,uofc,gaussian,2,6,3,2.5,,,silhouette,50.0
19,uofc,gaussian,2,6,4,2.5,,,trace,63.800000000000004
19,uofc,gaussian,2,6,7,2.5,,,hypervolume,64.9
19,uofc,gaussian,2,6,4,2.5,,,partition_density,63.800000000000004
19,uofc,gaussian,2,6,7,2.5,,,avg_partition_density,64.9
19,uofc,gaussian,2,6,3,2.5,,,max_avg_partition_density,50.0
19,uofc,gaussian,2,6,7,2.5,,,normalized_partition_coeff,64.9
19,uofc,gaussian,2,6,7,2.5,,,invariant,64.9
20,uofc,gaussian,2,7,5,0.5,,,silhouette,71.39999999999999
20,uofc,gaussian,2,7,7,0.5,,,trace,79.2
20,uofc,gaussian,2,7,7,0.5,,,hypervolume,79.2
20,uofc,gaussian,2,7,7,0.5,,,partition_density,79.2
20,uofc,gaussian,2,7,7,0.5,,,avg_partition_density,79.2
20,uofc,gaussian,2,7,5,0.5,,,max_avg_partition_density,71.39999999999999
20,uofc,gaussian,2,7,3,0.5,,,normalized_partition_coeff,42.9
20,uofc,gaussian,2,7,2,0.5,,,invariant,28.599999999999998
21,uofc,gaussian,2,7,5,1.0,,,silhouette,71.39999999999999
21,uofc,gaussian,2,7,7,1.0,,,trace,77.8
21,uofc,gaussian,2,7,7,1.0,,,hypervolume,77.8
21,uofc,gaussian,2,7,5,1.0,,,partition_density,71.39999999999999
21,uofc,gaussian,2,7,7,1.0,,,avg_partition_density,77.8
21,uofc,gaussian,2,7,5,1.0,,,max_avg_partition_density,71.39999999999999
21,uofc,gaussian,2,7,3,1.0,,,normalized_partition_coeff,42.9
21,uofc,gaussian,2,7,7,1.0,,,invariant,77.8
22,uofc,gaussian,2,7,3,2.0,,,silhouette,42.9
22,uofc,gaussian,2,7,5,2.0,,,trace,69.69999999999999
22,uofc,gaussian,2,7,6,2.0,,,hypervolume,76.6
22,uofc,gaussian,2,7,5,2.0,,,partition_density,69.69999999999999
22,uofc,gaussian,2,7,7,2.0,,,avg_partition_density,71.1
22,uofc,gaussian,2,7,3,2.0,,,max_avg_partition_density,42.9
22,uofc,gaussian,2,7,7,2.0,,,normalized_partition_coeff,71.1
22,uofc,gaussian,2,7,7,2.0,,,invariant,71.1
23,uofc,gaussian,2,7,3,2.5,,,silhouette,42.9
23,uofc,gaussian,2,7,5,2.5,,,trace,67.7
23,uofc,gaussian,2,7,7,2.5,,,hypervolume,75.7
23,uofc,gaussian,2,7,5,2.5,,,partition_density,67.7
23,uofc,gaussian,2,7,7,2.5,,,avg_partition_density,75.7
23,uofc,gaussian,2,7,3,2.5,,,max_avg_partition_density,42.9
23,uofc,gaussian,2,7,7,2.5,,,normalized_partition_coeff,75.7
23,uofc,gaussian,2,7,7,2.5,,,invariant,75.7
24,uofc,gaussian,3,2,2,0.5,,,silhouette,100.0
24,uofc,gaussian,3,2,2,0.5,,,trace,100.0
24,uofc,gaussian,3,2,7,0.5,,,hypervolume,30.099999999999998
24,uofc,gaussian,3,2,2,0.5,,,partition_density,100.0
24,uofc,gaussian,3,2,7,0.5,,,avg_partition_density,30.099999999999998
24,uofc,gaussian,3,2,2,0.5,,,max_avg_partition_density,100.0
24,uofc,gaussian,3,2,7,0.5,,,normalized_partition_coeff,30.099999999999998
24,uofc,gaussian,3,2,7,0.5,,,invariant,30.099999999999998
25,uofc,gaussian,3,2,2,1.0,,,silhouette,100.0
25,uofc,gaussian,3,2,2,1.0,,,trace,100.0
25,uofc,gaussian,3,2,7,1.0,,,hypervolume,31.0
25,uofc,gaussian,3,2,2,1.0,,,partition_density,100.0
25,uofc,gaussian,3,2,7,1.0,,,avg_partition_density,31.0
25,uofc,gaussian,3,2,2,1.0,,,max_avg_partition_density,100.0
25,uofc,gaussian,3,2,7,1.0,,,normalized_partition_coeff,31.0
25,uofc,gaussian,3,2,7,1.0,,,invariant,31.0
26,uofc,gaussian,3,2,2,2.0,,,silhouette,100.0
26,uofc,gaussian,3,2,2,2.0,,,trace,100.0
26,uofc,gaussian,3,2,7,2.0,,,hypervolume,30.8
26,uofc,gaussian,3,2,2,2.0,,,partition_density,100.0
26,uofc,gaussian,3,2,7,2.0,,,avg_partition_density,30.8
26,uofc,gaussian,3,2,2,2.0,,,max_avg_partition_density,100.0
26,uofc,gaussian,3,2,7,2.0,,,normalized_partition_coeff,30.8
26,uofc,gaussian,3,2,7,2.0,,,invariant,30.8
27,uofc,gaussian,3,2,2,2.5,,,silhouette,100.0
27,uofc,gaussian,3,2,2,2.5,,,trace,100.0
27,uofc,gaussian,3,2,7,2.5,,,hypervolume,30.9
27,uofc,gaussian,3,2,2,2.5,,,partition_density,100.0
27,uofc,gaussian,3,2,7,2.5,,,avg_partition_density,30.9
27,uofc,gaussian,3,2,2,2.5,,,max_avg_partition_density,100.0
27,uofc,gaussian,3,2,7,2.5,,,normalized_partition_coeff,30.9
27,uofc,gaussian,3,2,7,2.5,,,invariant,30.9
28,uofc,gaussian,3,3,3,0.5,,,silhouette,100.0
28,uofc,gaussian,3,3,3,0.5,,,trace,100.0
28,uofc,gaussian,3,3,3,0.5,,,hypervolume,100.0
28,uofc,gaussian,3,3,3,0.5,,,partition_density,100.0
28,uofc,gaussian,3,3,7,0.5,,,avg_partition_density,46.300000000000004
28,uofc,gaussian,3,3,3,0.5,,,max_avg_partition_density,100.0
28,uofc,gaussian,3,3,2,0.5,,,normalized_partition_coeff,66.7
28,uofc,gaussian,3,3,7,0.5,,,invariant,46.300000000000004
29,uofc,gaussian,3,3,2,1.0,,,silhouette,66.7
29,uofc,gaussian,3,3,3,1.0,,,trace,100.0
29,uofc,gaussian,3,3,3,1.0,,,hypervolume,100.0
29,uofc,gaussian,3,3,3,1.0,,,partition_density,100.0
29,uofc,gaussian,3,3,7,1.0,,,avg_partition_density,45.7
29,uofc,gaussian,3,3,3,1.0,,,max_avg_partition_density,100.0
29,uofc,gaussian,3,3,7,1.0,,,normalized_partition_coeff,45.7
29,uofc,gaussian,3,3,7,1.0,,,invariant,45.7
30,uofc,gaussian,3,3,2,2.0,,,silhouette,66.7
30,uofc,gaussian,3,3,3,2.0,,,trace,97.8
30,uofc,gaussian,3,3,3,2.0,,,hypervolume,97.8
30,uofc,gaussian,3,3,3,2.0,,,partition_density,97.8
30,uofc,gaussian,3,3,7,2.0,,,avg_partition_density,45.0
30,uofc,gaussian,3,3,2,2.0,,,max_avg_partition_density,66.7
30,uofc,gaussian,3,3,7,2.0,,,normalized_partition_coeff,45.0
30,uofc,gaussian,3,3,7,2.0,,,invariant,45.0
31,uofc,gaussian,3,3,2,2.5,,,silhouette,66.7
31,uofc,gaussian,3,3,3,2.5,,,trace,95.1
31,uofc,gaussian,3,3,7,2.5,,,hypervolume,44.5
31,uofc,gaussian,3,3,3,2.5,,,partition_density,95.1
31,uofc,gaussian,3,3,7,2.5,,,avg_partition_density,44.5
31,uofc,gaussian,3,3,2,2.5,,,max_avg_partition_density,66.7
31,uofc,gaussian,3,3,7,2.5,,,normalized_partition_coeff,44.5
31,uofc,gaussian,3,3,7,2.5,,,invariant,44.5
32,uofc,gaussian,3,4,4,0.5,,,silhouette,100.0
32,uofc,gaussian,3,4,4,0.5,,,trace,100.0
32,uofc,gaussian,3,4,4,0.5,,,hypervolume,100.0
32,uofc,gaussian,3,4,4,0.5,,,partition_density,100.0
32,uofc,gaussian,3,4,7,0.5,,,avg_partition_density,71.6
32,uofc,gaussian,3,4,4,0.5,,,max_avg_partition_density,100.0
32,uofc,gaussian,3,4,2,0.5,,,normalized_partition_coeff,50.0
32,uofc,gaussian,3,4,7,0.5,,,invariant,71.6
33,uofc,gaussian,3,4,3,1.0,,,silhouette,75.0
33,uofc,gaussian,3,4,4,1.0,,,trace,100.0
33,uofc,gaussian,3,4,4,1.0,,,hypervolume,100.0
33,uofc,gaussian,3,4,4,1.0,,,partition_density,100.0
33,uofc,gaussian,3,4,7,1.0,,,avg_partition_density,71.8
33,uofc,gaussian,3,4,4,1.0,,,max_avg_partition_density,100.0
33,uofc,gaussian,3,4,2,1.0,,,normalized_partition_coeff,50.0
33,uofc,gaussian,3,4,7,1.0,,,invariant,71.8
34,uofc,gaussian,3,4,3,2.0,,,silhouette,75.0
34,uofc,gaussian,3,4,4,2.0,,,trace,98.0
34,uofc,gaussian,3,4,4,2.0,,,hypervolume,98.0
34,uofc,gaussian,3,4,4,2.0,,,partition_density,98.0
34,uofc,gaussian,3,4,7,2.0,,,avg_partition_density,70.0
34,uofc,gaussian,3,4,3,2.0,,,max_avg_partition_density,75.0
34,uofc,gaussian,3,4,7,2.0,,,normalized_partition_coeff,70.0
34,uofc,gaussian,3,4,7,2.0,,,invariant,70.0
35,uofc,gaussian,3,4,3,2.5,,,silhouette,75.0
35,uofc,gaussian,3,4,4,2.5,,,trace,95.8
35,uofc,gaussian,3,4,4,2.5,,,hypervolume,95.8
35,uofc,gaussian,3,4,4,2.5,,,partition_density,95.8
35,uofc,gaussian,3,4,7,2.5,,,avg_partition_density,68.5
35,uofc,gaussian,3,4,3,2.5,,,max_avg_partition_density,75.0
35,uofc,gaussian,3,4,7,2.5,,,normalized_partition_coeff,68.5
35,uofc,gaussian,3,4,7,2.5,,,invariant,68.5
36,uofc,gaussian,3,5,3,0.5,,,silhouette,60.0
36,uofc,gaussian,3,5,6,0.5,,,trace,91.0
36,uofc,gaussian,3,5,6,0.5,,,hypervolume,91.0
36,uofc,gaussian,3,5,6,0.5,,,partition_density,91.0
36,uofc,gaussian,3,5,7,0.5,,,avg_partition_density,81.10000000000001
36,uofc,gaussian,3,5,6,0.5,,,max_avg_partition_density,91.0
36,uofc,gaussian,3,5,2,0.5,,,normalized_partition_coeff,40.0
36,uofc,gaussian,3,5,7,0.5,,,invariant,81.10000000000001
37,uofc,gaussian,3,5,3,1.0,,,silhouette,60.0
37,uofc,gaussian,3,5,6,1.0,,,trace,90.7
37,uofc,gaussian,3,5,6,1.0,,,hypervolume,90.7
37,uofc,gaussian,3,5,6,1.0,,,partition_density,90.7
37,uofc,gaussian,3,5,7,1.0,,,avg_partition_density,82.0
37,uofc,gaussian,3,5,3,1.0,,,max_avg_partition_density,60.0
37,uofc,gaussian,3,5,2,1.0,,,normalized_partition_coeff,40.0
37,uofc,gaussian,3,5,7,1.0,,,invariant,82.0
38,uofc,gaussian,3,5,3,2.0,,,silhouette,60.0
38,uofc,gaussian,3,5,5,2.0,,,trace,93.2
38,uofc,gaussian,3,5,5,2.0,,,hypervolume,93.2
38,uofc,gaussian,3,5,5,2.0,,,partition_density,93.2
38,uofc,gaussian,3,5,7,2.0,,,avg_partition_density,75.4
38,uofc,gaussian,3,5,3,2.0,,,max_avg_partition_density,60.0
38,uofc,gaussian,3,5,7,2.0,,,normalized_partition_coeff,75.4
38,uofc,gaussian,3,5,7,2.0,,,invariant,75.4
39,uofc,gaussian,3,5,3,2.5,,,silhouette,59.9
39,uofc,gaussian,3,5,3,2.5,,,trace,59.9
39,uofc,gaussian,3,5,5,2.5,,,hypervolume,88.7
39,uofc,gaussian,3,5,3,2.5,,,partition_density,59.9
39,uofc,gaussian,3,5,7,2.5,,,avg_partition_density,70.89999999999999
39,uofc,gaussian,3,5,3,2.5,,,max_avg_partition_density,59.9
39,uofc,gaussian,3,5,7,2.5,,,normalized_partition_coeff,70.89999999999999
39,uofc,gaussian,3,5,7,2.5,,,invariant,70.89999999999999
40,uofc,gaussian,3,6,4,0.5,,,silhouette,66.7
40,uofc,gaussian,3,6,7,0.5,,,trace,92.2
40,uofc,gaussian,3,6,7,0.5,,,hypervolume,92.2
40,uofc,gaussian,3,6,7,0.5,,,partition_density,92.2
40,uofc,gaussian,3,6,7,0.5,,,avg_partition_density,92.2
40,uofc,gaussian,3,6,7,0.5,,,max_avg_partition_density,92.2
40,uofc,gaussian,3,6,2,0.5,,,normalized_partition_coeff,33.4
40,uofc,gaussian,3,6,2,0.5,,,invariant,33.4
41,uofc,gaussian,3,6,4,1.0,,,silhouette,66.7
41,uofc,gaussian,3,6,6,1.0,,,trace,99.7
41,uofc,gaussian,3,6,6,1.0,,,hypervolume,99.7
41,uofc,gaussian,3,6,6,1.0,,,partition_density,99.7
41,uofc,gaussian,3,6,7,1.0,,,avg_partition_density,91.7
41,uofc,gaussian,3,6,6,1.0,,,max_avg_partition_density,99.7
41,uofc,gaussian,3,6,5,1.0,,,normalized_partition_coeff,60.3
41,uofc,gaussian,3,6,2,1.0,,,invariant,33.4
42,uofc,gaussian,3,6,4,2.0,,,silhouette,66.5
42,uofc,gaussian,3,6,6,2.0,,,trace,94.3
42,uofc,gaussian,3,6,6,2.0,,,hypervolume,94.3
42,uofc,gaussian,3,6,6,2.0,,,partition_density,94.3
42,uofc,gaussian,3,6,7,2.0,,,avg_partition_density,87.0
42,uofc,gaussian,3,6,4,2.0,,,max_avg_partition_density,66.5
42,uofc,gaussian,3,6,7,2.0,,,normalized_partition_coeff,87.0
42,uofc,gaussian,3,6,7,2.0,,,invariant,87.0
43,uofc,gaussian,3,6,4,2.5,,,silhouette,66.3
43,uofc,gaussian,3,6,4,2.5,,,trace,66.3
43,uofc,gaussian,3,6,6,2.5,,,hypervolume,91.0
43,uofc,gaussian,3,6,6,2.5,,,partition_density,91.0
43,uofc,gaussian,3,6,7,2.5,,,avg_partition_density,84.6
43,uofc,gaussian,3,6,4,2.5,,,max_avg_partition_density,66.3
43,uofc,gaussian,3,6,7,2.5,,,normalized_partition_coeff,84.6
43,uofc,gaussian,3,6,7,2.5,,,invariant,84.6
44,uofc,gaussian,3,7,6,0.5,,,silhouette,85.7
44,uofc,gaussian,3,7,7,0.5,,,trace,81.8
44,uofc,gaussian,3,7,7,0.5,,,hypervolume,81.8
44,uofc,gaussian,3,7,7,0.5,,,partition_density,81.8
44,uofc,gaussian,3,7,7,0.5,,,avg_partition_density,81.8
44,uofc,gaussian,3,7,7,0.5,,,max_avg_partition_density,81.8
44,uofc,gaussian,3,7,2,0.5,,,normalized_partition_coeff,28.599999999999998
44,uofc,gaussian,3,7,7,0.5,,,invariant,81.8
45,uofc,gaussian,3,7,4,1.0,,,silhouette,57.199999999999996
45,uofc,gaussian,3,7,7,1.0,,,trace,78.7
45,uofc,gaussian,3,7,7,1.0,,,hypervolume,78.7
45,uofc,gaussian,3,7,7,1.0,,,partition_density,78.7
45,uofc,gaussian,3,7,7,1.0,,,avg_partition_density,78.7
45,uofc,gaussian,3,7,7,1.0,,,max_avg_partition_density,78.7
45,uofc,gaussian,3,7,6,1.0,,,normalized_partition_coeff,65.2
45,uofc,gaussian,3,7,7,1.0,,,invariant,78.7
46,uofc,gaussian,3,7,4,2.0,,,silhouette,57.199999999999996
46,uofc,gaussian,3,7,5,2.0,,,trace,70.19999999999999
46,uofc,gaussian,3,7,7,2.0,,,hypervolume,92.0
46,uofc,gaussian,3,7,5,2.0,,,partition_density,70.19999999999999
46,uofc,gaussian,3,7,7,2.0,,,avg_partition_density,92.0
46,uofc,gaussian,3,7,4,2.0,,,max_avg_partition_density,57.199999999999996
46,uofc,gaussian,3,7,7,2.0,,,normalized_partition_coeff,92.0
46,uofc,gaussian,3,7,7,2.0,,,invariant,92.0
47,uofc,gaussian,3,7,4,2.5,,,silhouette,57.199999999999996
47,uofc,gaussian,3,7,4,2.5,,,trace,57.199999999999996
47,uofc,gaussian,3,7,7,2.5,,,hypervolume,85.8
47,uofc,gaussian,3,7,5,2.5,,,partition_density,68.89999999999999
47,uofc,gaussian,3,7,7,2.5,,,avg_partition_density,85.8
47,uofc,gaussian,3,7,2,2.5,,,max_avg_partition_density,28.599999999999998
47,uofc,gaussian,3,7,7,2.5,,,normalized_partition_coeff,85.8
47,uofc,gaussian,3,7,7,2.5,,,invariant,85.8
48,uofc,gaussian,4,2,2,0.5,,,silhouette,100.0
48,uofc,gaussian,4,2,2,0.5,,,trace,100.0
48,uofc,gaussian,4,2,2,0.5,,,hypervolume,100.0
48,uofc,gaussian,4,2,2,0.5,,,partition_density,100.0
48,uofc,gaussian,4,2,7,0.5,,,avg_partition_density,31.7
48,uofc,gaussian,4,2,2,0.5,,,max_avg_partition_density,100.0
48,uofc,gaussian,4,2,7,0.5,,,normalized_partition_coeff,31.7
48,uofc,gaussian,4,2,7,0.5,,,invariant,31.7
49,uofc,gaussian,4,2,2,1.0,,,silhouette,100.0
49,uofc,gaussian,4,2,2,1.0,,,trace,100.0
49,uofc,gaussian,4,2,2,1.0,,,hypervolume,100.0
49,uofc,gaussian,4,2,2,1.0,,,partition_density,100.0
49,uofc,gaussian,4,2,7,1.0,,,avg_partition_density,31.900000000000002
49,uofc,gaussian,4,2,2,1.0,,,max_avg_partition_density,100.0
49,uofc,gaussian,4,2,7,1.0,,,normalized_partition_coeff,31.900000000000002
49,uofc,gaussian,4,2,7,1.0,,,invariant,31.900000000000002
50,uofc,gaussian,4,2,2,2.0,,,silhouette,100.0
50,uofc,gaussian,4,2,2,2.0,,,trace,100.0
50,uofc,gaussian,4,2,2,2.0,,,hypervolume,100.0
50,uofc,gaussian,4,2,2,2.0,,,partition_density,100.0
50,uofc,gaussian,4,2,7,2.0,,,avg_partition_density,33.2
50,uofc,gaussian,4,2,2,2.0,,,max_avg_partition_density,100.0
50,uofc,gaussian,4,2,7,2.0,,,normalized_partition_coeff,33.2
50,uofc,gaussian,4,2,7,2.0,,,invariant,33.2
51,uofc,gaussian,4,2,2,2.5,,,silhouette,100.0
51,uofc,gaussian,4,2,2,2.5,,,trace,100.0
51,uofc,gaussian,4,2,2,2.5,,,hypervolume,100.0
51,uofc,gaussian,4,2,2,2.5,,,partition_density,100.0
51,uofc,gaussian,4,2,6,2.5,,,avg_partition_density,35.8
51,uofc,gaussian,4,2,2,2.5,,,max_avg_partition_density,100.0
51,uofc,gaussian,4,2,7,2.5,,,normalized_partition_coeff,39.900000000000006
51,uofc,gaussian,4,2,7,2.5,,,invariant,39.900000000000006
52,uofc,gaussian,4,3,3,0.5,,,silhouette,100.0
52,uofc,gaussian,4,3,3,0.5,,,trace,100.0
52,uofc,gaussian,4,3,3,0.5,,,hypervolume,100.0
52,uofc,gaussian,4,3,3,0.5,,,partition_density,100.0
52,uofc,gaussian,4,3,6,0.5,,,avg_partition_density,61.4
52,uofc,gaussian,4,3,3,0.5,,,max_avg_partition_density,100.0
52,uofc,gaussian,4,3,2,0.5,,,normalized_partition_coeff,66.7
52,uofc,gaussian,4,3,7,0.5,,,invariant,74.4
53,uofc,gaussian,4,3,3,1.0,,,silhouette,100.0
53,uofc,gaussian,4,3,3,1.0,,,trace,100.0
53,uofc,gaussian,4,3,3,1.0,,,hypervolume,100.0
53,uofc,gaussian,4,3,3,1.0,,,partition_density,100.0
53,uofc,gaussian,4,3,7,1.0,,,avg_partition_density,46.300000000000004
53,uofc,gaussian,4,3,3,1.0,,,max_avg_partition_density,100.0
53,uofc,gaussian,4,3,2,1.0,,,normalized_partition_coeff,66.7
53,uofc,gaussian,4,3,7,1.0,,,invariant,46.300000000000004
54,uofc,gaussian,4,3,3,2.0,,,silhouette,100.0
54,uofc,gaussian,4,3,3,2.0,,,trace,100.0
54,uofc,gaussian,4,3,3,2.0,,,hypervolume,100.0
54,uofc,gaussian,4,3,3,2.0,,,partition_density,100.0
54,uofc,gaussian,4,3,6,2.0,,,avg_partition_density,51.6
54,uofc,gaussian,4,3,3,2.0,,,max_avg_partition_density,100.0
54,uofc,gaussian,4,3,7,2.0,,,normalized_partition_coeff,46.400000000000006
54,uofc,gaussian,4,3,7,2.0,,,invariant,46.400000000000006
55,uofc,gaussian,4,3,3,2.5,,,silhouette,99.7
55,uofc,gaussian,4,3,3,2.5,,,trace,99.7
55,uofc,gaussian,4,3,3,2.5,,,hypervolume,99.7
55,uofc,gaussian,4,3,3,2.5,,,partition_density,99.7
55,uofc,gaussian,4,3,6,2.5,,,avg_partition_density,51.1
55,uofc,gaussian,4,3,2,2.5,,,max_avg_partition_density,66.7
55,uofc,gaussian,4,3,7,2.5,,,normalized_partition_coeff,47.199999999999996
55,uofc,gaussian,4,3,7,2.5,,,invariant,47.199999999999996
56,uofc,gaussian,4,4,4,0.5,,,silhouette,100.0
56,uofc,gaussian,4,4,4,0.5,,,trace,100.0
56,uofc,gaussian,4,4,4,0.5,,,hypervolume,100.0
56,uofc,gaussian,4,4,4,0.5,,,partition_density,100.0
56,uofc,gaussian,4,4,7,0.5,,,avg_partition_density,63.0
56,uofc,gaussian,4,4,4,0.5,,,max_avg_partition_density,100.0
56,uofc,gaussian,4,4,2,0.5,,,normalized_partition_coeff,50.0
56,uofc,gaussian,4,4,7,0.5,,,invariant,63.0
57,uofc,gaussian,4,4,4,1.0,,,silhouette,100.0
57,uofc,gaussian,4,4,4,1.0,,,trace,100.0
57,uofc,gaussian,4,4,4,1.0,,,hypervolume,100.0
57,uofc,gaussian,4,4,4,1.0,,,partition_density,100.0
57,uofc,gaussian,4,4,6,1.0,,,avg_partition_density,76.1
57,uofc,gaussian,4,4,4,1.0,,,max_avg_partition_density,100.0
57,uofc,gaussian,4,4,2,1.0,,,normalized_partition_coeff,50.0
57,uofc,gaussian,4,4,7,1.0,,,invariant,72.1
58,uofc,gaussian,4,4,4,2.0,,,silhouette,100.0
58,uofc,gaussian,4,4,4,2.0,,,trace,100.0
58,uofc,gaussian,4,4,4,2.0,,,hypervolume,100.0
58,uofc,gaussian,4,4,4,2.0,,,partition_density,100.0
58,uofc,gaussian,4,4,4,2.0,,,avg_partition_density,100.0
58,uofc,gaussian,4,4,4,2.0,,,max_avg_partition_density,100.0
58,uofc,gaussian,4,4,7,2.0,,,normalized_partition_coeff,76.0
58,uofc,gaussian,4,4,7,2.0,,,invariant,76.0
59,uofc,gaussian,4,4,4,2.5,,,silhouette,99.9
59,uofc,gaussian,4,4,4,2.5,,,trace,99.9
59,uofc,gaussian,4,4,4,2.5,,,hypervolume,99.9
59,uofc,gaussian,4,4,4,2.5,,,partition_density,99.9
59,uofc,gaussian,4,4,7,2.5,,,avg_partition_density,66.2
59,uofc,gaussian,4,4,4,2.5,,,max_avg_partition_density,99.9
59,uofc,gaussian,4,4,7,2.5,,,normalized_partition_coeff,66.2
59,uofc,gaussian,4,4,7,2.5,,,invariant,66.2
60,uofc,gaussian,4,5,5,0.5,,,silhouette,100.0
60,uofc,gaussian,4,5,5,0.5,,,trace,100.0
60,uofc,gaussian,4,5,5,0.5,,,hypervolume,100.0
60,uofc,gaussian,4,5,5,0.5,,,partition_density,100.0
60,uofc,gaussian,4,5,7,0.5,,,avg_partition_density,80.30000000000001
60,uofc,gaussian,4,5,5,0.5,,,max_avg_partition_density,100.0
60,uofc,gaussian,4,5,3,0.5,,,normalized_partition_coeff,60.0
60,uofc,gaussian,4,5,7,0.5,,,invariant,80.30000000000001
61,uofc,gaussian,4,5,5,1.0,,,silhouette,100.0
61,uofc,gaussian,4,5,5,1.0,,,trace,100.0
61,uofc,gaussian,4,5,5,1.0,,,hypervolume,100.0
61,uofc,gaussian,4,5,5,1.0,,,partition_density,100.0
61,uofc,gaussian,4,5,5,1.0,,,avg_partition_density,100.0
61,uofc,gaussian,4,5,5,1.0,,,max_avg_partition_density,100.0
61,uofc,gaussian,4,5,3,1.0,,,normalized_partition_coeff,60.0
61,uofc,gaussian,4,5,7,1.0,,,invariant,80.2
62,uofc,gaussian,4,5,5,2.0,,,silhouette,100.0
62,uofc,gaussian,4,5,5,2.0,,,trace,100.0
62,uofc,gaussian,4,5,5,2.0,,,hypervolume,100.0
62,uofc,gaussian,4,5,5,2.0,,,partition_density,100.0
62,uofc,gaussian,4,5,5,2.0,,,avg_partition_density,100.0
62,uofc,gaussian,4,5,5,2.0,,,max_avg_partition_density,100.0
62,uofc,gaussian,4,5,7,2.0,,,normalized_partition_coeff,82.69999999999999
62,uofc,gaussian,4,5,7,2.0,,,invariant,82.69999999999999
63,uofc,gaussian,4,5,5,2.5,,,silhouette,99.8
63,uofc,gaussian,4,5,5,2.5,,,trace,99.8
63,uofc,gaussian,4,5,5,2.5,,,hypervolume,99.8
63,uofc,gaussian,4,5,5,2.5,,,partition_density,99.8
63,uofc,gaussian,4,5,5,2.5,,,avg_partition_density,99.8
63,uofc,gaussian,4,5,4,2.5,,,max_avg_partition_density,80.0
63,uofc,gaussian,4,5,7,2.5,,,normalized_partition_coeff,84.89999999999999
63,uofc,gaussian,4,5,7,2.5,,,invariant,84.89999999999999
64,uofc,gaussian,4,6,6,0.5,,,silhouette,100.0
64,uofc,gaussian,4,6,6,0.5,,,trace,100.0
64,uofc,gaussian,4,6,6,0.5,,,hypervolume,100.0
64,uofc,gaussian,4,6,6,0.5,,,partition_density,100.0
64,uofc,gaussian,4,6,7,0.5,,,avg_partition_density,91.8
64,uofc,gaussian,4,6,6,0.5,,,max_avg_partition_density,100.0
64,uofc,gaussian,4,6,3,0.5,,,normalized_partition_coeff,50.1
64,uofc,gaussian,4,6,2,0.5,,,invariant,33.4
65,uofc,gaussian,4,6,5,1.0,,,silhouette,83.39999999999999
65,uofc,gaussian,4,6,6,1.0,,,trace,99.9
65,uofc,gaussian,4,6,6,1.0,,,hypervolume,99.9
65,uofc,gaussian,4,6,6,1.0,,,partition_density,99.9
65,uofc,gaussian,4,6,6,1.0,,,avg_partition_density,99.9
65,uofc,gaussian,4,6,6,1.0,,,max_avg_partition_density,99.9
65,uofc,gaussian,4,6,4,1.0,,,normalized_partition_coeff,66.7
65,uofc,gaussian,4,6,2,1.0,,,invariant,33.4
66,uofc,gaussian,4,6,5,2.0,,,silhouette,83.39999999999999
66,uofc,gaussian,4,6,6,2.0,,,trace,98.0
66,uofc,gaussian,4,6,6,2.0,,,hypervolume,98.0
66,uofc,gaussian,4,6,6,2.0,,,partition_density,98.0
66,uofc,gaussian,4,6,6,2.0,,,avg_partition_density,98.0
66,uofc,gaussian,4,6,5,2.0,,,max_avg_partition_density,83.39999999999999
66,uofc,gaussian,4,6,7,2.0,,,normalized_partition_coeff,90.7
66,uofc,gaussian,4,6,7,2.0,,,invariant,90.7
67,uofc,gaussian,4,6,5,2.5,,,silhouette,82.69999999999999
67,uofc,gaussian,4,6,5,2.5,,,trace,82.69999999999999
67,uofc,gaussian,4,6,6,2.5,,,hypervolume,95.6
67,uofc,gaussian,4,6,5,2.5,,,partition_density,82.69999999999999
67,uofc,gaussian,4,6,6,2.5,,,avg_partition_density,95.6
67,uofc,gaussian,4,6,4,2.5,,,max_avg_partition_density,66.8
67,uofc,gaussian,4,6,7,2.5,,,normalized_partition_coeff,87.6
67,uofc,gaussian,4,6,7,2.5,,,invariant,87.6
68,uofc,gaussian,4,7,7,0.5,,,silhouette,100.0
68,uofc,gaussian,4,7,7,0.5,,,trace,100.0
68,uofc,gaussian,4,7,7,0.5,,,hypervolume,100.0
68,uofc,gaussian,4,7,7,0.5,,,partition_density,100.0
68,uofc,gaussian,4,7,7,0.5,,,avg_partition_density,100.0
68,uofc,gaussian,4,7,7,0.5,,,max_avg_partition_density,100.0
68,uofc,gaussian,4,7,5,0.5,,,normalized_partition_coeff,71.39999999999999
68,uofc,gaussian,4,7,2,0.5,,,invariant,28.599999999999998
69,uofc,gaussian,4,7,6,1.0,,,silhouette,85.7
69,uofc,gaussian,4,7,7,1.0,,,trace,99.9
69,uofc,gaussian,4,7,7,1.0,,,hypervolume,99.9
69,uofc,gaussian,4,7,7,1.0,,,partition_density,99.9
69,uofc,gaussian,4,7,7,1.0,,,avg_partition_density,99.9
69,uofc,gaussian,4,7,7,1.0,,,max_avg_partition_density,99.9
69,uofc,gaussian,4,7,5,1.0,,,normalized_partition_coeff,71.39999999999999
69,uofc,gaussian,4,7,2,1.0,,,invariant,28.599999999999998
70,uofc,gaussian,4,7,6,2.0,,,silhouette,85.1
70,uofc,gaussian,4,7,7,2.0,,,trace,97.8
70,uofc,gaussian,4,7,7,2.0,,,hypervolume,97.8
70,uofc,gaussian,4,7,7,2.0,,,partition_density,97.8
70,uofc,gaussian,4,7,7,2.0,,,avg_partition_density,97.8
70,uofc,gaussian,4,7,6,2.0,,,max_avg_partition_density,85.1
70,uofc,gaussian,4,7,7,2.0,,,normalized_partition_coeff,97.8
70,uofc,gaussian,4,7,7,2.0,,,invariant,97.8
71,uofc,gaussian,4,7,5,2.5,,,silhouette,71.0
71,uofc,gaussian,4,7,6,2.5,,,trace,83.5
71,uofc,gaussian,4,7,7,2.5,,,hypervolume,94.5
71,uofc,gaussian,4,7,7,2.5,,,partition_density,94.5
71,uofc,gaussian,4,7,7,2.5,,,avg_partition_density,94.5
71,uofc,gaussian,4,7,6,2.5,,,max_avg_partition_density,83.5
71,uofc,gaussian,4,7,7,2.5,,,normalized_partition_coeff,94.5
71,uofc,gaussian,4,7,7,2.5,,,invariant,94.5
72,uofc,gaussian,5,2,2,0.5,,,silhouette,100.0
72,uofc,gaussian,5,2,2,0.5,,,trace,100.0
72,uofc,gaussian,5,2,2,0.5,,,hypervolume,100.0
72,uofc,gaussian,5,2,2,0.5,,,partition_density,100.0
72,uofc,gaussian,5,2,6,0.5,,,avg_partition_density,50.3
72,uofc,gaussian,5,2,2,0.5,,,max_avg_partition_density,100.0
72,uofc,gaussian,5,2,7,0.5,,,normalized_partition_coeff,50.7
72,uofc,gaussian,5,2,6,0.5,,,invariant,50.3
73,uofc,gaussian,5,2,2,1.0,,,silhouette,100.0
73,uofc,gaussian,5,2,2,1.0,,,trace,100.0
73,uofc,gaussian,5,2,2,1.0,,,hypervolume,100.0
73,uofc,gaussian,5,2,2,1.0,,,partition_density,100.0
73,uofc,gaussian,5,2,6,1.0,,,avg_partition_density,50.7
73,uofc,gaussian,5,2,2,1.0,,,max_avg_partition_density,100.0
73,uofc,gaussian,5,2,7,1.0,,,normalized_partition_coeff,50.6
73,uofc,gaussian,5,2,3,1.0,,,invariant,75.2
74,uofc,gaussian,5,2,2,2.0,,,silhouette,100.0
74,uofc,gaussian,5,2,2,2.0,,,trace,100.0
74,uofc,gaussian,5,2,2,2.0,,,hypervolume,100.0
74,uofc,gaussian,5,2,2,2.0,,,partition_density,100.0
74,uofc,gaussian,5,2,6,2.0,,,avg_partition_density,50.6
74,uofc,gaussian,5,2,2,2.0,,,max_avg_partition_density,100.0
74,uofc,gaussian,5,2,7,2.0,,,normalized_partition_coeff,50.5
74,uofc,gaussian,5,2,5,2.0,,,invariant,50.3
75,uofc,gaussian,5,2,2,2.5,,,silhouette,100.0
75,uofc,gaussian,5,2,2,2.5,,,trace,100.0
75,uofc,gaussian,5,2,2,2.5,,,hypervolume,100.0
75,uofc,gaussian,5,2,2,2.5,,,partition_density,100.0
75,uofc,gaussian,5,2,2,2.5,,,avg_partition_density,100.0
75,uofc,gaussian,5,2,2,2.5,,,max_avg_partition_density,100.0
75,uofc,gaussian,5,2,7,2.5,,,normalized_partition_coeff,51.4
75,uofc,gaussian,5,2,5,2.5,,,invariant,50.1
76,uofc,gaussian,5,3,3,0.5,,,silhouette,100.0
76,uofc,gaussian,5,3,3,0.5,,,trace,100.0
76,uofc,gaussian,5,3,3,0.5,,,hypervolume,100.0
76,uofc,gaussian,5,3,3,0.5,,,partition_density,100.0
76,uofc,gaussian,5,3,6,0.5,,,avg_partition_density,51.2
76,uofc,gaussian,5,3,3,0.5,,,max_avg_partition_density,100.0
76,uofc,gaussian,5,3,2,0.5,,,normalized_partition_coeff,66.7
76,uofc,gaussian,5,3,6,0.5,,,invariant,51.2
77,uofc,gaussian,5,3,3,1.0,,,silhouette,100.0
77,uofc,gaussian,5,3,3,1.0,,,trace,100.0
77,uofc,gaussian,5,3,3,1.0,,,hypervolume,100.0
77,uofc,gaussian,5,3,3,1.0,,,partition_density,100.0
77,uofc,gaussian,5,3,6,1.0,,,avg_partition_density,51.1
77,uofc,gaussian,5,3,3,1.0,,,max_avg_partition_density,100.0
77,uofc,gaussian,5,3,7,1.0,,,normalized_partition_coeff,50.7
77,uofc,gaussian,5,3,6,1.0,,,invariant,51.1
78,uofc,gaussian,5,3,2,2.0,,,silhouette,66.7
78,uofc,gaussian,5,3,3,2.0,,,trace,99.7
78,uofc,gaussian,5,3,3,2.0,,,hypervolume,99.7
78,uofc,gaussian,5,3,3,2.0,,,partition_density,99.7
78,uofc,gaussian,5,3,6,2.0,,,avg_partition_density,51.2
78,uofc,gaussian,5,3,2,2.0,,,max_avg_partition_density,66.7
78,uofc,gaussian,5,3,7,2.0,,,normalized_partition_coeff,53.5
78,uofc,gaussian,5,3,7,2.0,,,invariant,53.5
79,uofc,gaussian,5,3,2,2.5,,,silhouette,66.7
79,uofc,gaussian,5,3,3,2.5,,,trace,98.8
79,uofc,gaussian,5,3,3,2.5,,,hypervolume,98.8
79,uofc,gaussian,5,3,3,2.5,,,partition_density,98.8
79,uofc,gaussian,5,3,5,2.5,,,avg_partition_density,71.39999999999999
79,uofc,gaussian,5,3,2,2.5,,,max_avg_partition_density,66.7
79,uofc,gaussian,5,3,7,2.5,,,normalized_partition_coeff,49.4
79,uofc,gaussian,5,3,7,2.5,,,invariant,49.4
80,uofc,gaussian,5,4,4,0.5,,,silhouette,100.0
80,uofc,gaussian,5,4,4,0.5,,,trace,100.0
80,uofc,gaussian,5,4,4,0.5,,,hypervolume,100.0
80,uofc,gaussian,5,4,4,0.5,,,partition_density,100.0
80,uofc,gaussian,5,4,4,0.5,,,avg_partition_density,100.0
80,uofc,gaussian,5,4,4,0.5,,,max_avg_partition_density,100.0
80,uofc,gaussian,5,4,3,0.5,,,normalized_partition_coeff,75.0
80,uofc,gaussian,5,4,7,0.5,,,invariant,63.1
81,uofc,gaussian,5,4,4,1.0,,,silhouette,100.0
81,uofc,gaussian,5,4,4,1.0,,,trace,100.0
81,uofc,gaussian,5,4,4,1.0,,,hypervolume,100.0
81,uofc,gaussian,5,4,4,1.0,,,partition_density,100.0
81,uofc,gaussian,5,4,4,1.0,,,avg_partition_density,100.0
81,uofc,gaussian,5,4,4,1.0,,,max_avg_partition_density,100.0
81,uofc,gaussian,5,4,3,1.0,,,normalized_partition_coeff,75.0
81,uofc,gaussian,5,4,7,1.0,,,invariant,63.1
82,uofc,gaussian,5,4,4,2.0,,,silhouette,99.7
82,uofc,gaussian,5,4,4,2.0,,,trace,99.7
82,uofc,gaussian,5,4,4,2.0,,,hypervolume,99.7
82,uofc,gaussian,5,4,4,2.0,,,partition_density,99.7
82,uofc,gaussian,5,4,4,2.0,,,avg_partition_density,99.7
82,uofc,gaussian,5,4,4,2.0,,,max_avg_partition_density,99.7
82,uofc,gaussian,5,4,7,2.0,,,normalized_partition_coeff,65.10000000000001
82,uofc,gaussian,5,4,7,2.0,,,invariant,65.10000000000001
83,uofc,gaussian,5,4,2,2.5,,,silhouette,50.0
83,uofc,gaussian,5,4,4,2.5,,,trace,98.9
83,uofc,gaussian,5,4,4,2.5,,,hypervolume,98.9
83,uofc,gaussian,5,4,4,2.5,,,partition_density,98.9
83,uofc,gaussian,5,4,4,2.5,,,avg_partition_density,98.9
83,uofc,gaussian,5,4,3,2.5,,,max_avg_partition_density,74.0
83,uofc,gaussian,5,4,7,2.5,,,normalized_partition_coeff,67.7
83,uofc,gaussian,5,4,7,2.5,,,invariant,67.7
84,uofc,gaussian,5,5,5,0.5,,,silhouette,100.0
84,uofc,gaussian,5,5,5,0.5,,,trace,100.0
84,uofc,gaussian,5,5,5,0.5,,,hypervolume,100.0
84,uofc,gaussian,5,5,5,0.5,,,partition_density,100.0
84,uofc,gaussian,5,5,5,0.5,,,avg_partition_density,100.0
84,uofc,gaussian,5,5,5,0.5,,,max_avg_partition_density,100.0
84,uofc,gaussian,5,5,3,0.5,,,normalized_partition_coeff,60.0
84,uofc,gaussian,5,5,6,0.5,,,invariant,90.60000000000001
85,uofc,gaussian,5,5,5,1.0,,,silhouette,100.0
85,uofc,gaussian,5,5,5,1.0,,,trace,100.0
85,uofc,gaussian,5,5,5,1.0,,,hypervolume,100.0
85,uofc,gaussian,5,5,5,1.0,,,partition_density,100.0
85,uofc,gaussian,5,5,5,1.0,,,avg_partition_density,100.0
85,uofc,gaussian,5,5,5,1.0,,,max_avg_partition_density,100.0
85,uofc,gaussian,5,5,4,1.0,,,normalized_partition_coeff,80.0
85,uofc,gaussian,5,5,7,1.0,,,invariant,80.60000000000001
86,uofc,gaussian,5,5,5,2.0,,,silhouette,99.8
86,uofc,gaussian,5,5,5,2.0,,,trace,99.8
86,uofc,gaussian,5,5,5,2.0,,,hypervolume,99.8
86,uofc,gaussian,5,5,5,2.0,,,partition_density,99.8
86,uofc,gaussian,5,5,5,2.0,,,avg_partition_density,99.8
86,uofc,gaussian,5,5,4,2.0,,,max_avg_partition_density,79.9
86,uofc,gaussian,5,5,7,2.0,,,normalized_partition_coeff,82.3
86,uofc,gaussian,5,5,7,2.0,,,invariant,82.3
87,uofc,gaussian,5,5,2,2.5,,,silhouette,40.0
87,uofc,gaussian,5,5,5,2.5,,,trace,98.6
87,uofc,gaussian,5,5,5,2.5,,,hypervolume,98.6
87,uofc,gaussian,5,5,5,2.5,,,partition_density,98.6
87,uofc,gaussian,5,5,5,2.5,,,avg_partition_density,98.6
87,uofc,gaussian,5,5,3,2.5,,,max_avg_partition_density,60.0
87,uofc,gaussian,5,5,7,2.5,,,normalized_partition_coeff,86.4
87,uofc,gaussian,5,5,7,2.5,,,invariant,86.4
88,uofc,gaussian,5,6,6,0.5,,,silhouette,100.0
88,uofc,gaussian,5,6,6,0.5,,,trace,100.0
88,uofc,gaussian,5,6,6,0.5,,,hypervolume,100.0
88,uofc,gaussian,5,6,6,0.5,,,partition_density,100.0
88,uofc,gaussian,5,6,6,0.5,,,avg_partition_density,100.0
88,uofc,gaussian,5,6,6,0.5,,,max_avg_partition_density,100.0
88,uofc,gaussian,5,6,4,0.5,,,normalized_partition_coeff,66.7
88,uofc,gaussian,5,6,7,0.5,,,invariant,91.7
89,uofc,gaussian,5,6,6,1.0,,,silhouette,100.0
89,uofc,gaussian,5,6,6,1.0,,,trace,100.0
89,uofc,gaussian,5,6,6,1.0,,,hypervolume,100.0
89,uofc,gaussian,5,6,6,1.0,,,partition_density,100.0
89,uofc,gaussian,5,6,6,1.0,,,avg_partition_density,100.0
89,uofc,gaussian,5,6,6,1.0,,,max_avg_partition_density,100.0
89,uofc,gaussian,5,6,4,1.0,,,normalized_partition_coeff,66.7
89,uofc,gaussian,5,6,7,1.0,,,invariant,91.8
90,uofc,gaussian,5,6,6,2.0,,,silhouette,99.9
90,uofc,gaussian,5,6,6,2.0,,,trace,99.9
90,uofc,gaussian,5,6,6,2.0,,,hypervolume,99.9
90,uofc,gaussian,5,6,6,2.0,,,partition_density,99.9
90,uofc,gaussian,5,6,6,2.0,,,avg_partition_density,99.9
90,uofc,gaussian,5,6,6,2.0,,,max_avg_partition_density,99.9
90,uofc,gaussian,5,6,7,2.0,,,normalized_partition_coeff,92.9
90,uofc,gaussian,5,6,7,2.0,,,invariant,92.9
91,uofc,gaussian,5,6,3,2.5,,,silhouette,50.0
91,uofc,gaussian,5,6,6,2.5,,,trace,98.5
91,uofc,gaussian,5,6,6,2.5,,,hypervolume,98.5
91,uofc,gaussian,5,6,6,2.5,,,partition_density,98.5
91,uofc,gaussian,5,6,7,2.5,,,avg_partition_density,92.4
91,uofc,gaussian,5,6,4,2.5,,,max_avg_partition_density,66.10000000000001
91,uofc,gaussian,5,6,7,2.5,,,normalized_partition_coeff,92.4
91,uofc,gaussian,5,6,7,2.5,,,invariant,92.4
92,uofc,gaussian,5,7,7,0.5,,,silhouette,100.0
92,uofc,gaussian,5,7,7,0.5,,,trace,100.0
92,uofc,gaussian,5,7,7,0.5,,,hypervolume,100.0
92,uofc,gaussian,5,7,7,0.5,,,partition_density,100.0
92,uofc,gaussian,5,7,7,0.5,,,avg_partition_density,100.0
92,uofc,gaussian,5,7,7,0.5,,,max_avg_partition_density,100.0
92,uofc,gaussian,5,7,3,0.5,,,normalized_partition_coeff,42.9
92,uofc,gaussian,5,7,5,0.5,,,invariant,71.39999999999999
93,uofc,gaussian,5,7,7,1.0,,,silhouette,100.0
93,uofc,gaussian,5,7,7,1.0,,,trace,100.0
93,uofc,gaussian,5,7,7,1.0,,,hypervolume,100.0
93,uofc,gaussian,5,7,7,1.0,,,partition_density,100.0
93,uofc,gaussian,5,7,7,1.0,,,avg_partition_density,100.0
93,uofc,gaussian,5,7,7,1.0,,,max_avg_partition_density,100.0
93,uofc,gaussian,5,7,5,1.0,,,normalized_partition_coeff,71.39999999999999
93,uofc,gaussian,5,7,2,1.0,,,invariant,28.599999999999998
94,uofc,gaussian,5,7,7,2.0,,,silhouette,99.6
94,uofc,gaussian,5,7,7,2.0,,,trace,99.6
94,uofc,gaussian,5,7,7,2.0,,,hypervolume,99.6
94,uofc,gaussian,5,7,7,2.0,,,partition_density,99.6
94,uofc,gaussian,5,7,7,2.0,,,avg_partition_density,99.6
94,uofc,gaussian,5,7,7,2.0,,,max_avg_partition_density,99.6
94,uofc,gaussian,5,7,7,2.0,,,normalized_partition_coeff,99.6
94,uofc,gaussian,5,7,7,2.0,,,invariant,99.6
95,uofc,gaussian,5,7,7,2.5,,,silhouette,98.8
95,uofc,gaussian,5,7,7,2.5,,,trace,98.8
95,uofc,gaussian,5,7,7,2.5,,,hypervolume,98.8
95,uofc,gaussian,5,7,7,2.5,,,partition_density,98.8
95,uofc,gaussian,5,7,7,2.5,,,avg_partition_density,98.8
95,uofc,gaussian,5,7,7,2.5,,,max_avg_partition_density,98.8
95,uofc,gaussian,5,7,7,2.5,,,normalized_partition_coeff,98.8
95,uofc,gaussian,5,7,7,2.5,,,invariant,98.8
96,uofc,gaussian,6,2,2,0.5,,,silhouette,100.0
96,uofc,gaussian,6,2,2,0.5,,,trace,100.0
96,uofc,gaussian,6,2,2,0.5,,,hypervolume,100.0
96,uofc,gaussian,6,2,2,0.5,,,partition_density,100.0
96,uofc,gaussian,6,2,7,0.5,,,avg_partition_density,50.4
96,uofc,gaussian,6,2,2,0.5,,,max_avg_partition_density,100.0
96,uofc,gaussian,6,2,7,0.5,,,normalized_partition_coeff,50.4
96,uofc,gaussian,6,2,3,0.5,,,invariant,75.8
97,uofc,gaussian,6,2,2,1.0,,,silhouette,100.0
97,uofc,gaussian,6,2,2,1.0,,,trace,100.0
97,uofc,gaussian,6,2,2,1.0,,,hypervolume,100.0
97,uofc,gaussian,6,2,2,1.0,,,partition_density,100.0
97,uofc,gaussian,6,2,2,1.0,,,avg_partition_density,100.0
97,uofc,gaussian,6,2,2,1.0,,,max_avg_partition_density,100.0
97,uofc,gaussian,6,2,7,1.0,,,normalized_partition_coeff,49.9
97,uofc,gaussian,6,2,7,1.0,,,invariant,49.9
98,uofc,gaussian,6,2,2,2.0,,,silhouette,100.0
98,uofc,gaussian,6,2,2,2.0,,,trace,100.0
98,uofc,gaussian,6,2,2,2.0,,,hypervolume,100.0
98,uofc,gaussian,6,2,2,2.0,,,partition_density,100.0
98,uofc,gaussian,6,2,2,2.0,,,avg_partition_density,100.0
98,uofc,gaussian,6,2,2,2.0,,,max_avg_partition_density,100.0
98,uofc,gaussian,6,2,7,2.0,,,normalized_partition_coeff,51.6
98,uofc,gaussian,6,2,3,2.0,,,invariant,76.3
99,uofc,gaussian,6,2,2,2.5,,,silhouette,99.9
99,uofc,gaussian,6,2,2,2.5,,,trace,99.9
99,uofc,gaussian,6,2,2,2.5,,,hypervolume,99.9
99,uofc,gaussian,6,2,2,2.5,,,partition_density,99.9
99,uofc,gaussian,6,2,4,2.5,,,avg_partition_density,50.9
99,uofc,gaussian,6,2,2,2.5,,,max_avg_partition_density,99.9
99,uofc,gaussian,6,2,7,2.5,,,normalized_partition_coeff,52.1
99,uofc,gaussian,6,2,4,2.5,,,invariant,50.9
100,uofc,gaussian,6,3,3,0.5,,,silhouette,100.0
100,uofc,gaussian,6,3,3,0.5,,,trace,100.0
100,uofc,gaussian,6,3,3,0.5,,,hypervolume,100.0
100,uofc,gaussian,6,3,3,0.5,,,partition_density,100.0
100,uofc,gaussian,6,3,3,0.5,,,avg_partition_density,100.0
100,uofc,gaussian,6,3,3,0.5,,,max_avg_partition_density,100.0
100,uofc,gaussian,6,3,2,0.5,,,normalized_partition_coeff,66.7
100,uofc,gaussian,6,3,5,0.5,,,invariant,83.89999999999999
101,uofc,gaussian,6,3,3,1.0,,,silhouette,100.0
101,uofc,gaussian,6,3,3,1.0,,,trace,100.0
101,uofc,gaussian,6,3,3,1.0,,,hypervolume,100.0
101,uofc,gaussian,6,3,3,1.0,,,partition_density,100.0
101,uofc,gaussian,6,3,3,1.0,,,avg_partition_density,100.0
101,uofc,gaussian,6,3,3,1.0,,,max_avg_partition_density,100.0
101,uofc,gaussian,6,3,2,1.0,,,normalized_partition_coeff,66.7
101,uofc,gaussian,6,3,6,1.0,,,invariant,66.2
102,uofc,gaussian,6,3,3,2.0,,,silhouette,100.0
102,uofc,gaussian,6,3,3,2.0,,,trace,100.0
102,uofc,gaussian,6,3,3,2.0,,,hypervolume,100.0
102,uofc,gaussian,6,3,3,2.0,,,partition_density,100.0
102,uofc,gaussian,6,3,6,2.0,,,avg_partition_density,51.5
102,uofc,gaussian,6,3,3,2.0,,,max_avg_partition_density,100.0
102,uofc,gaussian,6,3,7,2.0,,,normalized_partition_coeff,51.800000000000004
102,uofc,gaussian,6,3,6,2.0,,,invariant,51.5
103,uofc,gaussian,6,3,3,2.5,,,silhouette,99.9
103,uofc,gaussian,6,3,3,2.5,,,trace,99.9
103,uofc,gaussian,6,3,3,2.5,,,hypervolume,99.9
103,uofc,gaussian,6,3,3,2.5,,,partition_density,99.9
103,uofc,gaussian,6,3,6,2.5,,,avg_partition_density,52.1
103,uofc,gaussian,6,3,3,2.5,,,max_avg_partition_density,99.9
103,uofc,gaussian,6,3,7,2.5,,,normalized_partition_coeff,52.0
103,uofc,gaussian,6,3,6,2.5,,,invariant,52.1
104,uofc,gaussian,6,4,4,0.5,,,silhouette,100.0
104,uofc,gaussian,6,4,4,0.5,,,trace,100.0
104,uofc,gaussian,6,4,4,0.5,,,hypervolume,100.0
104,uofc,gaussian,6,4,4,0.5,,,partition_density,100.0
104,uofc,gaussian,6,4,4,0.5,,,avg_partition_density,100.0
104,uofc,gaussian,6,4,4,0.5,,,max_avg_partition_density,100.0
104,uofc,gaussian,6,4,2,0.5,,,normalized_partition_coeff,50.0
104,uofc,gaussian,6,4,7,0.5,,,invariant,75.7
105,uofc,gaussian,6,4,4,1.0,,,silhouette,100.0
105,uofc,gaussian,6,4,4,1.0,,,trace,100.0
105,uofc,gaussian,6,4,4,1.0,,,hypervolume,100.0
105,uofc,gaussian,6,4,4,1.0,,,partition_density,100.0
105,uofc,gaussian,6,4,4,1.0,,,avg_partition_density,100.0
105,uofc,gaussian,6,4,4,1.0,,,max_avg_partition_density,100.0
105,uofc,gaussian,6,4,2,1.0,,,normalized_partition_coeff,50.0
105,uofc,gaussian,6,4,7,1.0,,,invariant,76.5
106,uofc,gaussian,6,4,3,2.0,,,silhouette,75.0
106,uofc,gaussian,6,4,4,2.0,,,trace,100.0
106,uofc,gaussian,6,4,4,2.0,,,hypervolume,100.0
106,uofc,gaussian,6,4,4,2.0,,,partition_density,100.0
106,uofc,gaussian,6,4,4,2.0,,,avg_partition_density,100.0
106,uofc,gaussian,6,4,4,2.0,,,max_avg_partition_density,100.0
106,uofc,gaussian,6,4,7,2.0,,,normalized_partition_coeff,68.8
106,uofc,gaussian,6,4,7,2.0,,,invariant,68.8
107,uofc,gaussian,6,4,3,2.5,,,silhouette,75.0
107,uofc,gaussian,6,4,4,2.5,,,trace,99.9
107,uofc,gaussian,6,4,4,2.5,,,hypervolume,99.9
107,uofc,gaussian,6,4,4,2.5,,,partition_density,99.9
107,uofc,gaussian,6,4,4,2.5,,,avg_partition_density,99.9
107,uofc,gaussian,6,4,3,2.5,,,max_avg_partition_density,75.0
107,uofc,gaussian,6,4,7,2.5,,,normalized_partition_coeff,64.7
107,uofc,gaussian,6,4,7,2.5,,,invariant,64.7
108,uofc,gaussian,6,5,5,0.5,,,silhouette,100.0
108,uofc,gaussian,6,5,5,0.5,,,trace,100.0
108,uofc,gaussian,6,5,5,0.5,,,hypervolume,100.0
108,uofc,gaussian,6,5,5,0.5,,,partition_density,100.0
108,uofc,gaussian,6,5,5,0.5,,,avg_partition_density,100.0
108,uofc,gaussian,6,5,5,0.5,,,max_avg_partition_density,100.0
108,uofc,gaussian,6,5,2,0.5,,,normalized_partition_coeff,40.0
108,uofc,gaussian,6,5,7,0.5,,,invariant,80.30000000000001
109,uofc,gaussian,6,5,5,1.0,,,silhouette,100.0
109,uofc,gaussian,6,5,5,1.0,,,trace,100.0
109,uofc,gaussian,6,5,5,1.0,,,hypervolume,100.0
109,uofc,gaussian,6,5,5,1.0,,,partition_density,100.0
109,uofc,gaussian,6,5,5,1.0,,,avg_partition_density,100.0
109,uofc,gaussian,6,5,5,1.0,,,max_avg_partition_density,100.0
109,uofc,gaussian,6,5,3,1.0,,,normalized_partition_coeff,60.0
109,uofc,gaussian,6,5,2,1.0,,,invariant,40.0
110,uofc,gaussian,6,5,5,2.0,,,silhouette,100.0
110,uofc,gaussian,6,5,5,2.0,,,trace,100.0
110,uofc,gaussian,6,5,5,2.0,,,hypervolume,100.0
110,uofc,gaussian,6,5,5,2.0,,,partition_density,100.0
110,uofc,gaussian,6,5,5,2.0,,,avg_partition_density,100.0
110,uofc,gaussian,6,5,5,2.0,,,max_avg_partition_density,100.0
110,uofc,gaussian,6,5,7,2.0,,,normalized_partition_coeff,83.0
110,uofc,gaussian,6,5,7,2.0,,,invariant,83.0
111,uofc,gaussian,6,5,5,2.5,,,silhouette,99.7
111,uofc,gaussian,6,5,5,2.5,,,trace,99.7
111,uofc,gaussian,6,5,5,2.5,,,hypervolume,99.7
111,uofc,gaussian,6,5,5,2.5,,,partition_density,99.7
111,uofc,gaussian,6,5,5,2.5,,,avg_partition_density,99.7
111,uofc,gaussian,6,5,5,2.5,,,max_avg_partition_density,99.7
111,uofc,gaussian,6,5,7,2.5,,,normalized_partition_coeff,85.2
111,uofc,gaussian,6,5,7,2.5,,,invariant,85.2
112,uofc,gaussian,6,6,6,0.5,,,silhouette,100.0
112,uofc,gaussian,6,6,6,0.5,,,trace,100.0
112,uofc,gaussian,6,6,6,0.5,,,hypervolume,100.0
112,uofc,gaussian,6,6,6,0.5,,,partition_density,100.0
112,uofc,gaussian,6,6,6,0.5,,,avg_partition_density,100.0
112,uofc,gaussian,6,6,6,0.5,,,max_avg_partition_density,100.0
112,uofc,gaussian,6,6,3,0.5,,,normalized_partition_coeff,50.0
112,uofc,gaussian,6,6,2,0.5,,,invariant,33.4
113,uofc,gaussian,6,6,6,1.0,,,silhouette,100.0
113,uofc,gaussian,6,6,6,1.0,,,trace,100.0
113,uofc,gaussian,6,6,6,1.0,,,hypervolume,100.0
113,uofc,gaussian,6,6,6,1.0,,,partition_density,100.0
113,uofc,gaussian,6,6,6,1.0,,,avg_partition_density,100.0
113,uofc,gaussian,6,6,6,1.0,,,max_avg_partition_density,100.0
113,uofc,gaussian,6,6,3,1.0,,,normalized_partition_coeff,50.0
113,uofc,gaussian,6,6,2,1.0,,,invariant,33.4
114,uofc,gaussian,6,6,6,2.0,,,silhouette,100.0
114,uofc,gaussian,6,6,6,2.0,,,trace,100.0
114,uofc,gaussian,6,6,6,2.0,,,hypervolume,100.0
114,uofc,gaussian,6,6,6,2.0,,,partition_density,100.0
114,uofc,gaussian,6,6,6,2.0,,,avg_partition_density,100.0
114,uofc,gaussian,6,6,6,2.0,,,max_avg_partition_density,100.0
114,uofc,gaussian,6,6,7,2.0,,,normalized_partition_coeff,93.2
114,uofc,gaussian,6,6,2,2.0,,,invariant,33.4
115,uofc,gaussian,6,6,6,2.5,,,silhouette,99.7
115,uofc,gaussian,6,6,6,2.5,,,trace,99.7
115,uofc,gaussian,6,6,6,2.5,,,hypervolume,99.7
115,uofc,gaussian,6,6,6,2.5,,,partition_density,99.7
115,uofc,gaussian,6,6,6,2.5,,,avg_partition_density,99.7
115,uofc,gaussian,6,6,6,2.5,,,max_avg_partition_density,99.7
115,uofc,gaussian,6,6,7,2.5,,,normalized_partition_coeff,94.39999999999999
115,uofc,gaussian,6,6,7,2.5,,,invariant,94.39999999999999
116,uofc,gaussian,6,7,7,0.5,,,silhouette,100.0
116,uofc,gaussian,6,7,7,0.5,,,trace,100.0
116,uofc,gaussian,6,7,7,0.5,,,hypervolume,100.0
116,uofc,gaussian,6,7,7,0.5,,,partition_density,100.0
116,uofc,gaussian,6,7,7,0.5,,,avg_partition_density,100.0
116,uofc,gaussian,6,7,7,0.5,,,max_avg_partition_density,100.0
116,uofc,gaussian,6,7,4,0.5,,,normalized_partition_coeff,57.199999999999996
116,uofc,gaussian,6,7,7,0.5,,,invariant,100.0
117,uofc,gaussian,6,7,7,1.0,,,silhouette,100.0
117,uofc,gaussian,6,7,7,1.0,,,trace,100.0
117,uofc,gaussian,6,7,7,1.0,,,hypervolume,100.0
117,uofc,gaussian,6,7,7,1.0,,,partition_density,100.0
117,uofc,gaussian,6,7,7,1.0,,,avg_partition_density,100.0
117,uofc,gaussian,6,7,7,1.0,,,max_avg_partition_density,100.0
117,uofc,gaussian,6,7,6,1.0,,,normalized_partition_coeff,85.7
117,uofc,gaussian,6,7,6,1.0,,,invariant,85.7
118,uofc,gaussian,6,7,6,2.0,,,silhouette,85.7
118,uofc,gaussian,6,7,7,2.0,,,trace,99.7
118,uofc,gaussian,6,7,7,2.0,,,hypervolume,99.7
118,uofc,gaussian,6,7,7,2.0,,,partition_density,99.7
118,uofc,gaussian,6,7,7,2.0,,,avg_partition_density,99.7
118,uofc,gaussian,6,7,7,2.0,,,max_avg_partition_density,99.7
118,uofc,gaussian,6,7,7,2.0,,,normalized_partition_coeff,99.7
118,uofc,gaussian,6,7,2,2.0,,,invariant,28.599999999999998
119,uofc,gaussian,6,7,6,2.5,,,silhouette,85.7
119,uofc,gaussian,6,7,6,2.5,,,trace,85.7
119,uofc,gaussian,6,7,6,2.5,,,hypervolume,85.7
119,uofc,gaussian,6,7,6,2.5,,,partition_density,85.7
119,uofc,gaussian,6,7,7,2.5,,,avg_partition_density,98.5
119,uofc,gaussian,6,7,7,2.5,,,max_avg_partition_density,98.5
119,uofc,gaussian,6,7,7,2.5,,,normalized_partition_coeff,98.5
119,uofc,gaussian,6,7,2,2.5,,,invariant,28.599999999999998
120,uofc,gaussian,7,2,2,0.5,,,silhouette,100.0
120,uofc,gaussian,7,2,2,0.5,,,trace,100.0
120,uofc,gaussian,7,2,2,0.5,,,hypervolume,100.0
120,uofc,gaussian,7,2,2,0.5,,,partition_density,100.0
120,uofc,gaussian,7,2,5,0.5,,,avg_partition_density,50.4
120,uofc,gaussian,7,2,2,0.5,,,max_avg_partition_density,100.0
120,uofc,gaussian,7,2,7,0.5,,,normalized_partition_coeff,49.7
120,uofc,gaussian,7,2,5,0.5,,,invariant,50.4
121,uofc,gaussian,7,2,2,1.0,,,silhouette,100.0
121,uofc,gaussian,7,2,2,1.0,,,trace,100.0
121,uofc,gaussian,7,2,2,1.0,,,hypervolume,100.0
121,uofc,gaussian,7,2,2,1.0,,,partition_density,100.0
121,uofc,gaussian,7,2,6,1.0,,,avg_partition_density,50.2
121,uofc,gaussian,7,2,2,1.0,,,max_avg_partition_density,100.0
121,uofc,gaussian,7,2,7,1.0,,,normalized_partition_coeff,50.3
121,uofc,gaussian,7,2,4,1.0,,,invariant,75.3
122,uofc,gaussian,7,2,2,2.0,,,silhouette,100.0
122,uofc,gaussian,7,2,2,2.0,,,trace,100.0
122,uofc,gaussian,7,2,2,2.0,,,hypervolume,100.0
122,uofc,gaussian,7,2,2,2.0,,,partition_density,100.0
122,uofc,gaussian,7,2,6,2.0,,,avg_partition_density,50.8
122,uofc,gaussian,7,2,2,2.0,,,max_avg_partition_density,100.0
122,uofc,gaussian,7,2,7,2.0,,,normalized_partition_coeff,50.7
122,uofc,gaussian,7,2,4,2.0,,,invariant,50.7
123,uofc,gaussian,7,2,2,2.5,,,silhouette,100.0
123,uofc,gaussian,7,2,2,2.5,,,trace,100.0
123,uofc,gaussian,7,2,2,2.5,,,hypervolume,100.0
123,uofc,gaussian,7,2,2,2.5,,,partition_density,100.0
123,uofc,gaussian,7,2,6,2.5,,,avg_partition_density,50.9
123,uofc,gaussian,7,2,2,2.5,,,max_avg_partition_density,100.0
123,uofc,gaussian,7,2,7,2.5,,,normalized_partition_coeff,51.4
123,uofc,gaussian,7,2,4,2.5,,,invariant,50.9
124,uofc,gaussian,7,3,3,0.5,,,silhouette,100.0
124,uofc,gaussian,7,3,3,0.5,,,trace,100.0
124,uofc,gaussian,7,3,3,0.5,,,hypervolume,100.0
124,uofc,gaussian,7,3,3,0.5,,,partition_density,100.0
124,uofc,gaussian,7,3,3,0.5,,,avg_partition_density,100.0
124,uofc,gaussian,7,3,3,0.5,,,max_avg_partition_density,100.0
124,uofc,gaussian,7,3,2,0.5,,,normalized_partition_coeff,66.7
124,uofc,gaussian,7,3,7,0.5,,,invariant,66.7
125,uofc,gaussian,7,3,3,1.0,,,silhouette,100.0
125,uofc,gaussian,7,3,3,1.0,,,trace,100.0
125,uofc,gaussian,7,3,3,1.0,,,hypervolume,100.0
125,uofc,gaussian,7,3,3,1.0,,,partition_density,100.0
125,uofc,gaussian,7,3,3,1.0,,,avg_partition_density,100.0
125,uofc,gaussian,7,3,3,1.0,,,max_avg_partition_density,100.0
125,uofc,gaussian,7,3,2,1.0,,,normalized_partition_coeff,66.7
125,uofc,gaussian,7,3,5,1.0,,,invariant,81.8
126,uofc,gaussian,7,3,3,2.0,,,silhouette,100.0
126,uofc,gaussian,7,3,3,2.0,,,trace,100.0
126,uofc,gaussian,7,3,3,2.0,,,hypervolume,100.0
126,uofc,gaussian,7,3,3,2.0,,,partition_density,100.0
126,uofc,gaussian,7,3,3,2.0,,,avg_partition_density,100.0
126,uofc,gaussian,7,3,3,2.0,,,max_avg_partition_density,100.0
126,uofc,gaussian,7,3,7,2.0,,,normalized_partition_coeff,68.8
126,uofc,gaussian,7,3,4,2.0,,,invariant,84.5
127,uofc,gaussian,7,3,3,2.5,,,silhouette,100.0
127,uofc,gaussian,7,3,3,2.5,,,trace,100.0
127,uofc,gaussian,7,3,3,2.5,,,hypervolume,100.0
127,uofc,gaussian,7,3,3,2.5,,,partition_density,100.0
127,uofc,gaussian,7,3,3,2.5,,,avg_partition_density,100.0
127,uofc,gaussian,7,3,3,2.5,,,max_avg_partition_density,100.0
127,uofc,gaussian,7,3,7,2.5,,,normalized_partition_coeff,51.9
127,uofc,gaussian,7,3,4,2.5,,,invariant,85.2
128,uofc,gaussian,7,4,4,0.5,,,silhouette,100.0
128,uofc,gaussian,7,4,4,0.5,,,trace,100.0
128,uofc,gaussian,7,4,4,0.5,,,hypervolume,100.0
128,uofc,gaussian,7,4,4,0.5,,,partition_density,100.0
128,uofc,gaussian,7,4,4,0.5,,,avg_partition_density,100.0
128,uofc,gaussian,7,4,4,0.5,,,max_avg_partition_density,100.0
128,uofc,gaussian,7,4,2,0.5,,,normalized_partition_coeff,50.0
128,uofc,gaussian,7,4,6,0.5,,,invariant,75.6
129,uofc,gaussian,7,4,3,1.0,,,silhouette,75.0
129,uofc,gaussian,7,4,5,1.0,,,trace,88.1
129,uofc,gaussian,7,4,5,1.0,,,hypervolume,88.1
129,uofc,gaussian,7,4,5,1.0,,,partition_density,88.1
129,uofc,gaussian,7,4,5,1.0,,,avg_partition_density,88.1
129,uofc,gaussian,7,4,3,1.0,,,max_avg_partition_density,75.0
129,uofc,gaussian,7,4,2,1.0,,,normalized_partition_coeff,50.0
129,uofc,gaussian,7,4,7,1.0,,,invariant,75.7
130,uofc,gaussian,7,4,3,2.0,,,silhouette,75.0
130,uofc,gaussian,7,4,3,2.0,,,trace,75.0
130,uofc,gaussian,7,4,4,2.0,,,hypervolume,99.0
130,uofc,gaussian,7,4,3,2.0,,,partition_density,75.0
130,uofc,gaussian,7,4,4,2.0,,,avg_partition_density,99.0
130,uofc,gaussian,7,4,3,2.0,,,max_avg_partition_density,75.0
130,uofc,gaussian,7,4,7,2.0,,,normalized_partition_coeff,76.6
130,uofc,gaussian,7,4,7,2.0,,,invariant,76.6
131,uofc,gaussian,7,4,3,2.5,,,silhouette,75.0
131,uofc,gaussian,7,4,3,2.5,,,trace,75.0
131,uofc,gaussian,7,4,3,2.5,,,hypervolume,75.0
131,uofc,gaussian,7,4,3,2.5,,,partition_density,75.0
131,uofc,gaussian,7,4,4,2.5,,,avg_partition_density,97.2
131,uofc,gaussian,7,4,3,2.5,,,max_avg_partition_density,75.0
131,uofc,gaussian,7,4,7,2.5,,,normalized_partition_coeff,80.7
131,uofc,gaussian,7,4,6,2.5,,,invariant,81.69999999999999
132,uofc,gaussian,7,5,4,0.5,,,silhouette,80.0
132,uofc,gaussian,7,5,6,0.5,,,trace,90.4
132,uofc,gaussian,7,5,6,0.5,,,hypervolume,90.4
132,uofc,gaussian,7,5,6,0.5,,,partition_density,90.4
132,uofc,gaussian,7,5,7,0.5,,,avg_partition_density,80.7
132,uofc,gaussian,7,5,6,0.5,,,max_avg_partition_density,90.4
132,uofc,gaussian,7,5,3,0.5,,,normalized_partition_coeff,60.0
132,uofc,gaussian,7,5,2,0.5,,,invariant,40.0
133,uofc,gaussian,7,5,4,1.0,,,silhouette,80.0
133,uofc,gaussian,7,5,5,1.0,,,trace,100.0
133,uofc,gaussian,7,5,5,1.0,,,hypervolume,100.0
133,uofc,gaussian,7,5,5,1.0,,,partition_density,100.0
133,uofc,gaussian,7,5,5,1.0,,,avg_partition_density,100.0
133,uofc,gaussian,7,5,5,1.0,,,max_avg_partition_density,100.0
133,uofc,gaussian,7,5,3,1.0,,,normalized_partition_coeff,60.0
133,uofc,gaussian,7,5,7,1.0,,,invariant,81.69999999999999
134,uofc,gaussian,7,5,4,2.0,,,silhouette,80.0
134,uofc,gaussian,7,5,4,2.0,,,trace,80.0
134,uofc,gaussian,7,5,5,2.0,,,hypervolume,99.0
134,uofc,gaussian,7,5,4,2.0,,,partition_density,80.0
134,uofc,gaussian,7,5,5,2.0,,,avg_partition_density,99.0
134,uofc,gaussian,7,5,4,2.0,,,max_avg_partition_density,80.0
134,uofc,gaussian,7,5,7,2.0,,,normalized_partition_coeff,80.2
134,uofc,gaussian,7,5,7,2.0,,,invariant,80.2
135,uofc,gaussian,7,5,4,2.5,,,silhouette,80.0
135,uofc,gaussian,7,5,4,2.5,,,trace,80.0
135,uofc,gaussian,7,5,4,2.5,,,hypervolume,80.0
135,uofc,gaussian,7,5,4,2.5,,,partition_density,80.0
135,uofc,gaussian,7,5,5,2.5,,,avg_partition_density,97.7
135,uofc,gaussian,7,5,4,2.5,,,max_avg_partition_density,80.0
135,uofc,gaussian,7,5,7,2.5,,,normalized_partition_coeff,79.2
135,uofc,gaussian,7,5,7,2.5,,,invariant,79.2
136,uofc,gaussian,7,6,6,0.5,,,silhouette,100.0
136,uofc,gaussian,7,6,6,0.5,,,trace,100.0
136,uofc,gaussian,7,6,6,0.5,,,hypervolume,100.0
136,uofc,gaussian,7,6,6,0.5,,,partition_density,100.0
136,uofc,gaussian,7,6,6,0.5,,,avg_partition_density,100.0
136,uofc,gaussian,7,6,6,0.5,,,max_avg_partition_density,100.0
136,uofc,gaussian,7,6,3,0.5,,,normalized_partition_coeff,50.1
136,uofc,gaussian,7,6,7,0.5,,,invariant,91.7
137,uofc,gaussian,7,6,5,1.0,,,silhouette,83.3
137,uofc,gaussian,7,6,6,1.0,,,trace,100.0
137,uofc,gaussian,7,6,6,1.0,,,hypervolume,100.0
137,uofc,gaussian,7,6,6,1.0,,,partition_density,100.0
137,uofc,gaussian,7,6,6,1.0,,,avg_partition_density,100.0
137,uofc,gaussian,7,6,6,1.0,,,max_avg_partition_density,100.0
137,uofc,gaussian,7,6,3,1.0,,,normalized_partition_coeff,50.1
137,uofc,gaussian,7,6,7,1.0,,,invariant,91.8
138,uofc,gaussian,7,6,5,2.0,,,silhouette,83.3
138,uofc,gaussian,7,6,5,2.0,,,trace,83.3
138,uofc,gaussian,7,6,6,2.0,,,hypervolume,99.3
138,uofc,gaussian,7,6,5,2.0,,,partition_density,83.3
138,uofc,gaussian,7,6,6,2.0,,,avg_partition_density,99.3
138,uofc,gaussian,7,6,6,2.0,,,max_avg_partition_density,99.3
138,uofc,gaussian,7,6,7,2.0,,,normalized_partition_coeff,95.19999999999999
138,uofc,gaussian,7,6,7,2.0,,,invariant,95.19999999999999
139,uofc,gaussian,7,6,5,2.5,,,silhouette,83.3
139,uofc,gaussian,7,6,5,2.5,,,trace,83.3
139,uofc,gaussian,7,6,5,2.5,,,hypervolume,83.3
139,uofc,gaussian,7,6,5,2.5,,,partition_density,83.3
139,uofc,gaussian,7,6,6,2.5,,,avg_partition_density,98.5
139,uofc,gaussian,7,6,5,2.5,,,max_avg_partition_density,83.3
139,uofc,gaussian,7,6,7,2.5,,,normalized_partition_coeff,94.89999999999999
139,uofc,gaussian,7,6,7,2.5,,,invariant,94.89999999999999
140,uofc,gaussian,7,7,7,0.5,,,silhouette,100.0
140,uofc,gaussian,7,7,7,0.5,,,trace,100.0
140,uofc,gaussian,7,7,7,0.5,,,hypervolume,100.0
140,uofc,gaussian,7,7,7,0.5,,,partition_density,100.0
140,uofc,gaussian,7,7,7,0.5,,,avg_partition_density,100.0
140,uofc,gaussian,7,7,7,0.5,,,max_avg_partition_density,100.0
140,uofc,gaussian,7,7,4,0.5,,,normalized_partition_coeff,57.199999999999996
140,uofc,gaussian,7,7,4,0.5,,,invariant,57.199999999999996
141,uofc,gaussian,7,7,6,1.0,,,silhouette,85.7
141,uofc,gaussian,7,7,7,1.0,,,trace,100.0
141,uofc,gaussian,7,7,7,1.0,,,hypervolume,100.0
141,uofc,gaussian,7,7,7,1.0,,,partition_density,100.0
141,uofc,gaussian,7,7,7,1.0,,,avg_partition_density,100.0
141,uofc,gaussian,7,7,7,1.0,,,max_avg_partition_density,100.0
141,uofc,gaussian,7,7,4,1.0,,,normalized_partition_coeff,57.199999999999996
141,uofc,gaussian,7,7,7,1.0,,,invariant,100.0
142,uofc,gaussian,7,7,6,2.0,,,silhouette,85.7
142,uofc,gaussian,7,7,7,2.0,,,trace,99.7
142,uofc,gaussian,7,7,7,2.0,,,hypervolume,99.7
142,uofc,gaussian,7,7,6,2.0,,,partition_density,85.7
142,uofc,gaussian,7,7,7,2.0,,,avg_partition_density,99.7
142,uofc,gaussian,7,7,7,2.0,,,max_avg_partition_density,99.7
142,uofc,gaussian,7,7,7,2.0,,,normalized_partition_coeff,99.7
142,uofc,gaussian,7,7,7,2.0,,,invariant,99.7
143,uofc,gaussian,7,7,6,2.5,,,silhouette,85.39999999999999
143,uofc,gaussian,7,7,6,2.5,,,trace,85.39999999999999
143,uofc,gaussian,7,7,6,2.5,,,hypervolume,85.39999999999999
143,uofc,gaussian,7,7,6,2.5,,,partition_density,85.39999999999999
143,uofc,gaussian,7,7,7,2.5,,,avg_partition_density,98.0
143,uofc,gaussian,7,7,7,2.5,,,max_avg_partition_density,98.0
143,uofc,gaussian,7,7,7,2.5,,,normalized_partition_coeff,98.0
143,uofc,gaussian,7,7,7,2.5,,,invariant,98.0
144,uofc,gaussian,8,2,2,0.5,,,silhouette,100.0
144,uofc,gaussian,8,2,2,0.5,,,trace,100.0
144,uofc,gaussian,8,2,2,0.5,,,hypervolume,100.0
144,uofc,gaussian,8,2,2,0.5,,,partition_density,100.0
144,uofc,gaussian,8,2,4,0.5,,,avg_partition_density,52.300000000000004
144,uofc,gaussian,8,2,2,0.5,,,max_avg_partition_density,100.0
144,uofc,gaussian,8,2,7,0.5,,,normalized_partition_coeff,50.3
144,uofc,gaussian,8,2,6,0.5,,,invariant,49.8
145,uofc,gaussian,8,2,2,1.0,,,silhouette,100.0
145,uofc,gaussian,8,2,2,1.0,,,trace,100.0
145,uofc,gaussian,8,2,2,1.0,,,hypervolume,100.0
145,uofc,gaussian,8,2,2,1.0,,,partition_density,100.0
145,uofc,gaussian,8,2,6,1.0,,,avg_partition_density,49.5
145,uofc,gaussian,8,2,2,1.0,,,max_avg_partition_density,100.0
145,uofc,gaussian,8,2,7,1.0,,,normalized_partition_coeff,50.7
145,uofc,gaussian,8,2,7,1.0,,,invariant,50.7
146,uofc,gaussian,8,2,2,2.0,,,silhouette,100.0
146,uofc,gaussian,8,2,2,2.0,,,trace,100.0
146,uofc,gaussian,8,2,2,2.0,,,hypervolume,100.0
146,uofc,gaussian,8,2,2,2.0,,,partition_density,100.0
146,uofc,gaussian,8,2,4,2.0,,,avg_partition_density,51.800000000000004
146,uofc,gaussian,8,2,2,2.0,,,max_avg_partition_density,100.0
146,uofc,gaussian,8,2,7,2.0,,,normalized_partition_coeff,51.7
146,uofc,gaussian,8,2,6,2.0,,,invariant,51.1
147,uofc,gaussian,8,2,2,2.5,,,silhouette,100.0
147,uofc,gaussian,8,2,2,2.5,,,trace,100.0
147,uofc,gaussian,8,2,2,2.5,,,hypervolume,100.0
147,uofc,gaussian,8,2,2,2.5,,,partition_density,100.0
147,uofc,gaussian,8,2,4,2.5,,,avg_partition_density,52.2
147,uofc,gaussian,8,2,2,2.5,,,max_avg_partition_density,100.0
147,uofc,gaussian,8,2,7,2.5,,,normalized_partition_coeff,52.900000000000006
147,uofc,gaussian,8,2,4,2.5,,,invariant,52.2
148,uofc,gaussian,8,3,3,0.5,,,silhouette,100.0
148,uofc,gaussian,8,3,3,0.5,,,trace,100.0
148,uofc,gaussian,8,3,3,0.5,,,hypervolume,100.0
148,uofc,gaussian,8,3,3,0.5,,,partition_density,100.0
148,uofc,gaussian,8,3,3,0.5,,,avg_partition_density,100.0
148,uofc,gaussian,8,3,3,0.5,,,max_avg_partition_density,100.0
148,uofc,gaussian,8,3,2,0.5,,,normalized_partition_coeff,66.7
148,uofc,gaussian,8,3,6,0.5,,,invariant,62.9
149,uofc,gaussian,8,3,3,1.0,,,silhouette,100.0
149,uofc,gaussian,8,3,3,1.0,,,trace,100.0
149,uofc,gaussian,8,3,3,1.0,,,hypervolume,100.0
149,uofc,gaussian,8,3,3,1.0,,,partition_density,100.0
149,uofc,gaussian,8,3,3,1.0,,,avg_partition_density,100.0
149,uofc,gaussian,8,3,3,1.0,,,max_avg_partition_density,100.0
149,uofc,gaussian,8,3,7,1.0,,,normalized_partition_coeff,83.6
149,uofc,gaussian,8,3,2,1.0,,,invariant,66.7
150,uofc,gaussian,8,3,3,2.0,,,silhouette,100.0
150,uofc,gaussian,8,3,3,2.0,,,trace,100.0
150,uofc,gaussian,8,3,3,2.0,,,hypervolume,100.0
150,uofc,gaussian,8,3,3,2.0,,,partition_density,100.0
150,uofc,gaussian,8,3,6,2.0,,,avg_partition_density,50.8
150,uofc,gaussian,8,3,3,2.0,,,max_avg_partition_density,100.0
150,uofc,gaussian,8,3,7,2.0,,,normalized_partition_coeff,75.3
150,uofc,gaussian,8,3,2,2.0,,,invariant,66.7
151,uofc,gaussian,8,3,3,2.5,,,silhouette,100.0
151,uofc,gaussian,8,3,3,2.5,,,trace,100.0
151,uofc,gaussian,8,3,3,2.5,,,hypervolume,100.0
151,uofc,gaussian,8,3,3,2.5,,,partition_density,100.0
151,uofc,gaussian,8,3,6,2.5,,,avg_partition_density,51.800000000000004
151,uofc,gaussian,8,3,4,2.5,,,max_avg_partition_density,89.0
151,uofc,gaussian,8,3,7,2.5,,,normalized_partition_coeff,54.2
151,uofc,gaussian,8,3,6,2.5,,,invariant,51.800000000000004
152,uofc,gaussian,8,4,4,0.5,,,silhouette,100.0
152,uofc,gaussian,8,4,4,0.5,,,trace,100.0
152,uofc,gaussian,8,4,4,0.5,,,hypervolume,100.0
152,uofc,gaussian,8,4,4,0.5,,,partition_density,100.0
152,uofc,gaussian,8,4,4,0.5,,,avg_partition_density,100.0
152,uofc,gaussian,8,4,4,0.5,,,max_avg_partition_density,100.0
152,uofc,gaussian,8,4,2,0.5,,,normalized_partition_coeff,50.0
152,uofc,gaussian,8,4,7,0.5,,,invariant,62.9
153,uofc,gaussian,8,4,4,1.0,,,silhouette,100.0
153,uofc,gaussian,8,4,4,1.0,,,trace,100.0
153,uofc,gaussian,8,4,4,1.0,,,hypervolume,100.0
153,uofc,gaussian,8,4,4,1.0,,,partition_density,100.0
153,uofc,gaussian,8,4,4,1.0,,,avg_partition_density,100.0
153,uofc,gaussian,8,4,4,1.0,,,max_avg_partition_density,100.0
153,uofc,gaussian,8,4,2,1.0,,,normalized_partition_coeff,50.0
153,uofc,gaussian,8,4,7,1.0,,,invariant,63.6
154,uofc,gaussian,8,4,4,2.0,,,silhouette,99.9
154,uofc,gaussian,8,4,4,2.0,,,trace,99.9
154,uofc,gaussian,8,4,4,2.0,,,hypervolume,99.9
154,uofc,gaussian,8,4,4,2.0,,,partition_density,99.9
154,uofc,gaussian,8,4,4,2.0,,,avg_partition_density,99.9
154,uofc,gaussian,8,4,4,2.0,,,max_avg_partition_density,99.9
154,uofc,gaussian,8,4,7,2.0,,,normalized_partition_coeff,68.60000000000001
154,uofc,gaussian,8,4,7,2.0,,,invariant,68.60000000000001
155,uofc,gaussian,8,4,3,2.5,,,silhouette,75.0
155,uofc,gaussian,8,4,4,2.5,,,trace,99.6
155,uofc,gaussian,8,4,4,2.5,,,hypervolume,99.6
155,uofc,gaussian,8,4,4,2.5,,,partition_density,99.6
155,uofc,gaussian,8,4,4,2.5,,,avg_partition_density,99.6
155,uofc,gaussian,8,4,5,2.5,,,max_avg_partition_density,94.3
155,uofc,gaussian,8,4,7,2.5,,,normalized_partition_coeff,75.0
155,uofc,gaussian,8,4,7,2.5,,,invariant,75.0
156,uofc,gaussian,8,5,5,0.5,,,silhouette,100.0
156,uofc,gaussian,8,5,5,0.5,,,trace,100.0
156,uofc,gaussian,8,5,5,0.5,,,hypervolume,100.0
156,uofc,gaussian,8,5,5,0.5,,,partition_density,100.0
156,uofc,gaussian,8,5,5,0.5,,,avg_partition_density,100.0
156,uofc,gaussian,8,5,5,0.5,,,max_avg_partition_density,100.0
156,uofc,gaussian,8,5,3,0.5,,,normalized_partition_coeff,60.0
156,uofc,gaussian,8,5,7,0.5,,,invariant,88.4
157,uofc,gaussian,8,5,5,1.0,,,silhouette,100.0
157,uofc,gaussian,8,5,5,1.0,,,trace,100.0
157,uofc,gaussian,8,5,5,1.0,,,hypervolume,100.0
157,uofc,gaussian,8,5,5,1.0,,,partition_density,100.0
157,uofc,gaussian,8,5,5,1.0,,,avg_partition_density,100.0
157,uofc,gaussian,8,5,5,1.0,,,max_avg_partition_density,100.0
157,uofc,gaussian,8,5,3,1.0,,,normalized_partition_coeff,60.0
157,uofc,gaussian,8,5,7,1.0,,,invariant,80.9
158,uofc,gaussian,8,5,5,2.0,,,silhouette,100.0
158,uofc,gaussian,8,5,5,2.0,,,trace,100.0
158,uofc,gaussian,8,5,5,2.0,,,hypervolume,100.0
158,uofc,gaussian,8,5,5,2.0,,,partition_density,100.0
158,uofc,gaussian,8,5,5,2.0,,,avg_partition_density,100.0
158,uofc,gaussian,8,5,7,2.0,,,max_avg_partition_density,85.8
158,uofc,gaussian,8,5,7,2.0,,,normalized_partition_coeff,85.8
158,uofc,gaussian,8,5,7,2.0,,,invariant,85.8
159,uofc,gaussian,8,5,4,2.5,,,silhouette,80.0
159,uofc,gaussian,8,5,5,2.5,,,trace,99.6
159,uofc,gaussian,8,5,5,2.5,,,hypervolume,99.6
159,uofc,gaussian,8,5,5,2.5,,,partition_density,99.6
159,uofc,gaussian,8,5,5,2.5,,,avg_partition_density,99.6
159,uofc,gaussian,8,5,7,2.5,,,max_avg_partition_density,89.4
159,uofc,gaussian,8,5,7,2.5,,,normalized_partition_coeff,89.4
159,uofc,gaussian,8,5,7,2.5,,,invariant,89.4
160,uofc,gaussian,8,6,6,0.5,,,silhouette,100.0
160,uofc,gaussian,8,6,6,0.5,,,trace,100.0
160,uofc,gaussian,8,6,6,0.5,,,hypervolume,100.0
160,uofc,gaussian,8,6,6,0.5,,,partition_density,100.0
160,uofc,gaussian,8,6,6,0.5,,,avg_partition_density,100.0
160,uofc,gaussian,8,6,6,0.5,,,max_avg_partition_density,100.0
160,uofc,gaussian,8,6,4,0.5,,,normalized_partition_coeff,66.7
160,uofc,gaussian,8,6,7,0.5,,,invariant,91.8
161,uofc,gaussian,8,6,6,1.0,,,silhouette,100.0
161,uofc,gaussian,8,6,6,1.0,,,trace,100.0
161,uofc,gaussian,8,6,6,1.0,,,hypervolume,100.0
161,uofc,gaussian,8,6,6,1.0,,,partition_density,100.0
161,uofc,gaussian,8,6,6,1.0,,,avg_partition_density,100.0
161,uofc,gaussian,8,6,6,1.0,,,max_avg_partition_density,100.0
161,uofc,gaussian,8,6,4,1.0,,,normalized_partition_coeff,66.7
161,uofc,gaussian,8,6,7,1.0,,,invariant,92.5
162,uofc,gaussian,8,6,6,2.0,,,silhouette,99.8
162,uofc,gaussian,8,6,6,2.0,,,trace,99.8
162,uofc,gaussian,8,6,6,2.0,,,hypervolume,99.8
162,uofc,gaussian,8,6,6,2.0,,,partition_density,99.8
162,uofc,gaussian,8,6,6,2.0,,,avg_partition_density,99.8
162,uofc,gaussian,8,6,7,2.0,,,max_avg_partition_density,96.3
162,uofc,gaussian,8,6,7,2.0,,,normalized_partition_coeff,96.3
162,uofc,gaussian,8,6,7,2.0,,,invariant,96.3
163,uofc,gaussian,8,6,5,2.5,,,silhouette,83.3
163,uofc,gaussian,8,6,6,2.5,,,trace,99.5
163,uofc,gaussian,8,6,6,2.5,,,hypervolume,99.5
163,uofc,gaussian,8,6,6,2.5,,,partition_density,99.5
163,uofc,gaussian,8,6,6,2.5,,,avg_partition_density,99.5
163,uofc,gaussian,8,6,7,2.5,,,max_avg_partition_density,97.3
163,uofc,gaussian,8,6,7,2.5,,,normalized_partition_coeff,97.3
163,uofc,gaussian,8,6,7,2.5,,,invariant,97.3
164,uofc,gaussian,8,7,7,0.5,,,silhouette,100.0
164,uofc,gaussian,8,7,7,0.5,,,trace,100.0
164,uofc,gaussian,8,7,7,0.5,,,hypervolume,100.0
164,uofc,gaussian,8,7,7,0.5,,,partition_density,100.0
164,uofc,gaussian,8,7,7,0.5,,,avg_partition_density,100.0
164,uofc,gaussian,8,7,7,0.5,,,max_avg_partition_density,100.0
164,uofc,gaussian,8,7,4,0.5,,,normalized_partition_coeff,57.099999999999994
164,uofc,gaussian,8,7,7,0.5,,,invariant,100.0
165,uofc,gaussian,8,7,6,1.0,,,silhouette,85.7
165,uofc,gaussian,8,7,6,1.0,,,trace,85.7
165,uofc,gaussian,8,7,6,1.0,,,hypervolume,85.7
165,uofc,gaussian,8,7,6,1.0,,,partition_density,85.7
165,uofc,gaussian,8,7,6,1.0,,,avg_partition_density,85.7
165,uofc,gaussian,8,7,6,1.0,,,max_avg_partition_density,85.7
165,uofc,gaussian,8,7,4,1.0,,,normalized_partition_coeff,57.099999999999994
165,uofc,gaussian,8,7,7,1.0,,,invariant,80.60000000000001
166,uofc,gaussian,8,7,7,2.0,,,silhouette,100.0
166,uofc,gaussian,8,7,7,2.0,,,trace,100.0
166,uofc,gaussian,8,7,7,2.0,,,hypervolume,100.0
166,uofc,gaussian,8,7,7,2.0,,,partition_density,100.0
166,uofc,gaussian,8,7,7,2.0,,,avg_partition_density,100.0
166,uofc,gaussian,8,7,7,2.0,,,max_avg_partition_density,100.0
166,uofc,gaussian,8,7,7,2.0,,,normalized_partition_coeff,100.0
166,uofc,gaussian,8,7,7,2.0,,,invariant,100.0
167,uofc,gaussian,8,7,6,2.5,,,silhouette,85.7
167,uofc,gaussian,8,7,7,2.5,,,trace,99.9
167,uofc,gaussian,8,7,7,2.5,,,hypervolume,99.9
167,uofc,gaussian,8,7,7,2.5,,,partition_density,99.9
167,uofc,gaussian,8,7,7,2.5,,,avg_partition_density,99.9
167,uofc,gaussian,8,7,7,2.5,,,max_avg_partition_density,99.9
167,uofc,gaussian,8,7,7,2.5,,,normalized_partition_coeff,99.9
167,uofc,gaussian,8,7,7,2.5,,,invariant,99.9
168,uofc,gaussian,9,2,2,0.5,,,silhouette,100.0
168,uofc,gaussian,9,2,2,0.5,,,trace,100.0
168,uofc,gaussian,9,2,2,0.5,,,hypervolume,100.0
168,uofc,gaussian,9,2,2,0.5,,,partition_density,100.0
168,uofc,gaussian,9,2,4,0.5,,,avg_partition_density,51.9
168,uofc,gaussian,9,2,2,0.5,,,max_avg_partition_density,100.0
168,uofc,gaussian,9,2,7,0.5,,,normalized_partition_coeff,44.1
168,uofc,gaussian,9,2,5,0.5,,,invariant,50.1
169,uofc,gaussian,9,2,2,1.0,,,silhouette,100.0
169,uofc,gaussian,9,2,2,1.0,,,trace,100.0
169,uofc,gaussian,9,2,2,1.0,,,hypervolume,100.0
169,uofc,gaussian,9,2,2,1.0,,,partition_density,100.0
169,uofc,gaussian,9,2,4,1.0,,,avg_partition_density,51.7
169,uofc,gaussian,9,2,2,1.0,,,max_avg_partition_density,100.0
169,uofc,gaussian,9,2,7,1.0,,,normalized_partition_coeff,49.8
169,uofc,gaussian,9,2,7,1.0,,,invariant,49.8
170,uofc,gaussian,9,2,2,2.0,,,silhouette,100.0
170,uofc,gaussian,9,2,2,2.0,,,trace,100.0
170,uofc,gaussian,9,2,2,2.0,,,hypervolume,100.0
170,uofc,gaussian,9,2,2,2.0,,,partition_density,100.0
170,uofc,gaussian,9,2,4,2.0,,,avg_partition_density,51.1
170,uofc,gaussian,9,2,2,2.0,,,max_avg_partition_density,100.0
170,uofc,gaussian,9,2,7,2.0,,,normalized_partition_coeff,55.900000000000006
170,uofc,gaussian,9,2,5,2.0,,,invariant,50.2
171,uofc,gaussian,9,2,2,2.5,,,silhouette,100.0
171,uofc,gaussian,9,2,2,2.5,,,trace,100.0
171,uofc,gaussian,9,2,2,2.5,,,hypervolume,100.0
171,uofc,gaussian,9,2,2,2.5,,,partition_density,100.0
171,uofc,gaussian,9,2,4,2.5,,,avg_partition_density,50.7
171,uofc,gaussian,9,2,2,2.5,,,max_avg_partition_density,100.0
171,uofc,gaussian,9,2,7,2.5,,,normalized_partition_coeff,50.9
171,uofc,gaussian,9,2,7,2.5,,,invariant,50.9
172,uofc,gaussian,9,3,3,0.5,,,silhouette,100.0
172,uofc,gaussian,9,3,3,0.5,,,trace,100.0
172,uofc,gaussian,9,3,3,0.5,,,hypervolume,100.0
172,uofc,gaussian,9,3,3,0.5,,,partition_density,100.0
172,uofc,gaussian,9,3,6,0.5,,,avg_partition_density,51.300000000000004
172,uofc,gaussian,9,3,3,0.5,,,max_avg_partition_density,100.0
172,uofc,gaussian,9,3,2,0.5,,,normalized_partition_coeff,66.7
172,uofc,gaussian,9,3,7,0.5,,,invariant,51.0
173,uofc,gaussian,9,3,3,1.0,,,silhouette,100.0
173,uofc,gaussian,9,3,3,1.0,,,trace,100.0
173,uofc,gaussian,9,3,3,1.0,,,hypervolume,100.0
173,uofc,gaussian,9,3,3,1.0,,,partition_density,100.0
173,uofc,gaussian,9,3,6,1.0,,,avg_partition_density,51.0
173,uofc,gaussian,9,3,3,1.0,,,max_avg_partition_density,100.0
173,uofc,gaussian,9,3,2,1.0,,,normalized_partition_coeff,66.7
173,uofc,gaussian,9,3,6,1.0,,,invariant,51.0
174,uofc,gaussian,9,3,3,2.0,,,silhouette,100.0
174,uofc,gaussian,9,3,3,2.0,,,trace,100.0
174,uofc,gaussian,9,3,3,2.0,,,hypervolume,100.0
174,uofc,gaussian,9,3,3,2.0,,,partition_density,100.0
174,uofc,gaussian,9,3,6,2.0,,,avg_partition_density,50.6
174,uofc,gaussian,9,3,3,2.0,,,max_avg_partition_density,100.0
174,uofc,gaussian,9,3,7,2.0,,,normalized_partition_coeff,50.2
174,uofc,gaussian,9,3,7,2.0,,,invariant,50.2
175,uofc,gaussian,9,3,3,2.5,,,silhouette,100.0
175,uofc,gaussian,9,3,3,2.5,,,trace,100.0
175,uofc,gaussian,9,3,3,2.5,,,hypervolume,100.0
175,uofc,gaussian,9,3,3,2.5,,,partition_density,100.0
175,uofc,gaussian,9,3,6,2.5,,,avg_partition_density,53.300000000000004
175,uofc,gaussian,9,3,5,2.5,,,max_avg_partition_density,75.1
175,uofc,gaussian,9,3,7,2.5,,,normalized_partition_coeff,53.1
175,uofc,gaussian,9,3,7,2.5,,,invariant,53.1
176,uofc,gaussian,9,4,4,0.5,,,silhouette,100.0
176,uofc,gaussian,9,4,4,0.5,,,trace,100.0
176,uofc,gaussian,9,4,4,0.5,,,hypervolume,100.0
176,uofc,gaussian,9,4,4,0.5,,,partition_density,100.0
176,uofc,gaussian,9,4,4,0.5,,,avg_partition_density,100.0
176,uofc,gaussian,9,4,4,0.5,,,max_avg_partition_density,100.0
176,uofc,gaussian,9,4,2,0.5,,,normalized_partition_coeff,50.0
176,uofc,gaussian,9,4,7,0.5,,,invariant,74.3
177,uofc,gaussian,9,4,4,1.0,,,silhouette,100.0
177,uofc,gaussian,9,4,4,1.0,,,trace,100.0
177,uofc,gaussian,9,4,4,1.0,,,hypervolume,100.0
177,uofc,gaussian,9,4,4,1.0,,,partition_density,100.0
177,uofc,gaussian,9,4,4,1.0,,,avg_partition_density,100.0
177,uofc,gaussian,9,4,4,1.0,,,max_avg_partition_density,100.0
177,uofc,gaussian,9,4,2,1.0,,,normalized_partition_coeff,50.0
177,uofc,gaussian,9,4,7,1.0,,,invariant,63.6
178,uofc,gaussian,9,4,4,2.0,,,silhouette,100.0
178,uofc,gaussian,9,4,4,2.0,,,trace,100.0
178,uofc,gaussian,9,4,4,2.0,,,hypervolume,100.0
178,uofc,gaussian,9,4,4,2.0,,,partition_density,100.0
178,uofc,gaussian,9,4,4,2.0,,,avg_partition_density,100.0
178,uofc,gaussian,9,4,6,2.0,,,max_avg_partition_density,79.0
178,uofc,gaussian,9,4,7,2.0,,,normalized_partition_coeff,65.10000000000001
178,uofc,gaussian,9,4,7,2.0,,,invariant,65.10000000000001
179,uofc,gaussian,9,4,4,2.5,,,silhouette,100.0
179,uofc,gaussian,9,4,4,2.5,,,trace,100.0
179,uofc,gaussian,9,4,4,2.5,,,hypervolume,100.0
179,uofc,gaussian,9,4,4,2.5,,,partition_density,100.0
179,uofc,gaussian,9,4,4,2.5,,,avg_partition_density,100.0
179,uofc,gaussian,9,4,6,2.5,,,max_avg_partition_density,82.0
179,uofc,gaussian,9,4,7,2.5,,,normalized_partition_coeff,68.8
179,uofc,gaussian,9,4,7,2.5,,,invariant,68.8
180,uofc,gaussian,9,5,5,0.5,,,silhouette,100.0
180,uofc,gaussian,9,5,5,0.5,,,trace,100.0
180,uofc,gaussian,9,5,5,0.5,,,hypervolume,100.0
180,uofc,gaussian,9,5,5,0.5,,,partition_density,100.0
180,uofc,gaussian,9,5,5,0.5,,,avg_partition_density,100.0
180,uofc,gaussian,9,5,5,0.5,,,max_avg_partition_density,100.0
180,uofc,gaussian,9,5,3,0.5,,,normalized_partition_coeff,60.0
180,uofc,gaussian,9,5,7,0.5,,,invariant,81.0
181,uofc,gaussian,9,5,5,1.0,,,silhouette,100.0
181,uofc,gaussian,9,5,5,1.0,,,trace,100.0
181,uofc,gaussian,9,5,5,1.0,,,hypervolume,100.0
181,uofc,gaussian,9,5,5,1.0,,,partition_density,100.0
181,uofc,gaussian,9,5,5,1.0,,,avg_partition_density,100.0
181,uofc,gaussian,9,5,6,1.0,,,max_avg_partition_density,91.0
181,uofc,gaussian,9,5,3,1.0,,,normalized_partition_coeff,60.0
181,uofc,gaussian,9,5,7,1.0,,,invariant,91.7
182,uofc,gaussian,9,5,4,2.0,,,silhouette,80.0
182,uofc,gaussian,9,5,5,2.0,,,trace,100.0
182,uofc,gaussian,9,5,5,2.0,,,hypervolume,100.0
182,uofc,gaussian,9,5,5,2.0,,,partition_density,100.0
182,uofc,gaussian,9,5,5,2.0,,,avg_partition_density,100.0
182,uofc,gaussian,9,5,7,2.0,,,max_avg_partition_density,88.1
182,uofc,gaussian,9,5,7,2.0,,,normalized_partition_coeff,88.1
182,uofc,gaussian,9,5,7,2.0,,,invariant,88.1
183,uofc,gaussian,9,5,4,2.5,,,silhouette,80.0
183,uofc,gaussian,9,5,5,2.5,,,trace,99.8
183,uofc,gaussian,9,5,5,2.5,,,hypervolume,99.8
183,uofc,gaussian,9,5,5,2.5,,,partition_density,99.8
183,uofc,gaussian,9,5,5,2.5,,,avg_partition_density,99.8
183,uofc,gaussian,9,5,7,2.5,,,max_avg_partition_density,92.0
183,uofc,gaussian,9,5,7,2.5,,,normalized_partition_coeff,92.0
183,uofc,gaussian,9,5,7,2.5,,,invariant,92.0
184,uofc,gaussian,9,6,6,0.5,,,silhouette,100.0
184,uofc,gaussian,9,6,6,0.5,,,trace,100.0
184,uofc,gaussian,9,6,6,0.5,,,hypervolume,100.0
184,uofc,gaussian,9,6,6,0.5,,,partition_density,100.0
184,uofc,gaussian,9,6,6,0.5,,,avg_partition_density,100.0
184,uofc,gaussian,9,6,6,0.5,,,max_avg_partition_density,100.0
184,uofc,gaussian,9,6,3,0.5,,,normalized_partition_coeff,50.1
184,uofc,gaussian,9,6,7,0.5,,,invariant,91.8
185,uofc,gaussian,9,6,6,1.0,,,silhouette,100.0
185,uofc,gaussian,9,6,6,1.0,,,trace,100.0
185,uofc,gaussian,9,6,6,1.0,,,hypervolume,100.0
185,uofc,gaussian,9,6,6,1.0,,,partition_density,100.0
185,uofc,gaussian,9,6,6,1.0,,,avg_partition_density,100.0
185,uofc,gaussian,9,6,6,1.0,,,max_avg_partition_density,100.0
185,uofc,gaussian,9,6,3,1.0,,,normalized_partition_coeff,50.1
185,uofc,gaussian,9,6,7,1.0,,,invariant,92.4
186,uofc,gaussian,9,6,5,2.0,,,silhouette,83.39999999999999
186,uofc,gaussian,9,6,6,2.0,,,trace,100.0
186,uofc,gaussian,9,6,6,2.0,,,hypervolume,100.0
186,uofc,gaussian,9,6,6,2.0,,,partition_density,100.0
186,uofc,gaussian,9,6,6,2.0,,,avg_partition_density,100.0
186,uofc,gaussian,9,6,7,2.0,,,max_avg_partition_density,96.3
186,uofc,gaussian,9,6,7,2.0,,,normalized_partition_coeff,96.3
186,uofc,gaussian,9,6,7,2.0,,,invariant,96.3
187,uofc,gaussian,9,6,5,2.5,,,silhouette,83.39999999999999
187,uofc,gaussian,9,6,6,2.5,,,trace,99.7
187,uofc,gaussian,9,6,6,2.5,,,hypervolume,99.7
187,uofc,gaussian,9,6,6,2.5,,,partition_density,99.7
187,uofc,gaussian,9,6,7,2.5,,,avg_partition_density,97.0
187,uofc,gaussian,9,6,7,2.5,,,max_avg_partition_density,97.0
187,uofc,gaussian,9,6,7,2.5,,,normalized_partition_coeff,97.0
187,uofc,gaussian,9,6,7,2.5,,,invariant,97.0
188,uofc,gaussian,9,7,7,0.5,,,silhouette,100.0
188,uofc,gaussian,9,7,7,0.5,,,trace,100.0
188,uofc,gaussian,9,7,7,0.5,,,hypervolume,100.0
188,uofc,gaussian,9,7,7,0.5,,,partition_density,100.0
188,uofc,gaussian,9,7,7,0.5,,,avg_partition_density,100.0
188,uofc,gaussian,9,7,7,0.5,,,max_avg_partition_density,100.0
188,uofc,gaussian,9,7,4,0.5,,,normalized_partition_coeff,57.099999999999994
188,uofc,gaussian,9,7,6,0.5,,,invariant,85.7
189,uofc,gaussian,9,7,7,1.0,,,silhouette,100.0
189,uofc,gaussian,9,7,7,1.0,,,trace,100.0
189,uofc,gaussian,9,7,7,1.0,,,hypervolume,100.0
189,uofc,gaussian,9,7,7,1.0,,,partition_density,100.0
189,uofc,gaussian,9,7,7,1.0,,,avg_partition_density,100.0
189,uofc,gaussian,9,7,7,1.0,,,max_avg_partition_density,100.0
189,uofc,gaussian,9,7,4,1.0,,,normalized_partition_coeff,57.099999999999994
189,uofc,gaussian,9,7,2,1.0,,,invariant,28.599999999999998
190,uofc,gaussian,9,7,7,2.0,,,silhouette,99.9
190,uofc,gaussian,9,7,7,2.0,,,trace,99.9
190,uofc,gaussian,9,7,7,2.0,,,hypervolume,99.9
190,uofc,gaussian,9,7,7,2.0,,,partition_density,99.9
190,uofc,gaussian,9,7,7,2.0,,,avg_partition_density,99.9
190,uofc,gaussian,9,7,7,2.0,,,max_avg_partition_density,99.9
190,uofc,gaussian,9,7,6,2.0,,,normalized_partition_coeff,85.6
190,uofc,gaussian,9,7,3,2.0,,,invariant,42.9
191,uofc,gaussian,9,7,6,2.5,,,silhouette,85.7
191,uofc,gaussian,9,7,7,2.5,,,trace,99.7
191,uofc,gaussian,9,7,7,2.5,,,hypervolume,99.7
191,uofc,gaussian,9,7,7,2.5,,,partition_density,99.7
191,uofc,gaussian,9,7,7,2.5,,,avg_partition_density,99.7
191,uofc,gaussian,9,7,7,2.5,,,max_avg_partition_density,99.7
191,uofc,gaussian,9,7,7,2.5,,,normalized_partition_coeff,99.7
191,uofc,gaussian,9,7,3,2.5,,,invariant,42.9
192,uofc,gaussian,10,2,2,0.5,,,silhouette,100.0
192,uofc,gaussian,10,2,2,0.5,,,trace,100.0
192,uofc,gaussian,10,2,2,0.5,,,hypervolume,100.0
192,uofc,gaussian,10,2,2,0.5,,,partition_density,100.0
192,uofc,gaussian,10,2,4,0.5,,,avg_partition_density,50.5
192,uofc,gaussian,10,2,2,0.5,,,max_avg_partition_density,100.0
192,uofc,gaussian,10,2,5,0.5,,,normalized_partition_coeff,75.2
192,uofc,gaussian,10,2,7,0.5,,,invariant,48.8
193,uofc,gaussian,10,2,2,1.0,,,silhouette,100.0
193,uofc,gaussian,10,2,2,1.0,,,trace,100.0
193,uofc,gaussian,10,2,2,1.0,,,hypervolume,100.0
193,uofc,gaussian,10,2,2,1.0,,,partition_density,100.0
193,uofc,gaussian,10,2,4,1.0,,,avg_partition_density,50.3
193,uofc,gaussian,10,2,2,1.0,,,max_avg_partition_density,100.0
193,uofc,gaussian,10,2,7,1.0,,,normalized_partition_coeff,49.5
193,uofc,gaussian,10,2,7,1.0,,,invariant,49.5
194,uofc,gaussian,10,2,2,2.0,,,silhouette,100.0
194,uofc,gaussian,10,2,2,2.0,,,trace,100.0
194,uofc,gaussian,10,2,2,2.0,,,hypervolume,100.0
194,uofc,gaussian,10,2,2,2.0,,,partition_density,100.0
194,uofc,gaussian,10,2,4,2.0,,,avg_partition_density,53.300000000000004
194,uofc,gaussian,10,2,2,2.0,,,max_avg_partition_density,100.0
194,uofc,gaussian,10,2,7,2.0,,,normalized_partition_coeff,54.800000000000004
194,uofc,gaussian,10,2,4,2.0,,,invariant,53.300000000000004
195,uofc,gaussian,10,2,2,2.5,,,silhouette,99.9
195,uofc,gaussian,10,2,2,2.5,,,trace,99.9
195,uofc,gaussian,10,2,2,2.5,,,hypervolume,99.9
195,uofc,gaussian,10,2,2,2.5,,,partition_density,99.9
195,uofc,gaussian,10,2,4,2.5,,,avg_partition_density,56.49999999999999
195,uofc,gaussian,10,2,2,2.5,,,max_avg_partition_density,99.9
195,uofc,gaussian,10,2,7,2.5,,,normalized_partition_coeff,57.199999999999996
195,uofc,gaussian,10,2,4,2.5,,,invariant,56.49999999999999
196,uofc,gaussian,10,3,3,0.5,,,silhouette,100.0
196,uofc,gaussian,10,3,3,0.5,,,trace,100.0
196,uofc,gaussian,10,3,3,0.5,,,hypervolume,100.0
196,uofc,gaussian,10,3,3,0.5,,,partition_density,100.0
196,uofc,gaussian,10,3,3,0.5,,,avg_partition_density,100.0
196,uofc,gaussian,10,3,3,0.5,,,max_avg_partition_density,100.0
196,uofc,gaussian,10,3,2,0.5,,,normalized_partition_coeff,66.7
196,uofc,gaussian,10,3,6,0.5,,,invariant,66.8
197,uofc,gaussian,10,3,3,1.0,,,silhouette,100.0
197,uofc,gaussian,10,3,3,1.0,,,trace,100.0
197,uofc,gaussian,10,3,3,1.0,,,hypervolume,100.0
197,uofc,gaussian,10,3,3,1.0,,,partition_density,100.0
197,uofc,gaussian,10,3,3,1.0,,,avg_partition_density,100.0
197,uofc,gaussian,10,3,3,1.0,,,max_avg_partition_density,100.0
197,uofc,gaussian,10,3,6,1.0,,,normalized_partition_coeff,67.4
197,uofc,gaussian,10,3,7,1.0,,,invariant,51.6
198,uofc,gaussian,10,3,2,2.0,,,silhouette,66.7
198,uofc,gaussian,10,3,3,2.0,,,trace,100.0
198,uofc,gaussian,10,3,3,2.0,,,hypervolume,100.0
198,uofc,gaussian,10,3,3,2.0,,,partition_density,100.0
198,uofc,gaussian,10,3,6,2.0,,,avg_partition_density,53.0
198,uofc,gaussian,10,3,3,2.0,,,max_avg_partition_density,100.0
198,uofc,gaussian,10,3,7,2.0,,,normalized_partition_coeff,53.2
198,uofc,gaussian,10,3,6,2.0,,,invariant,53.0
199,uofc,gaussian,10,3,2,2.5,,,silhouette,66.7
199,uofc,gaussian,10,3,3,2.5,,,trace,100.0
199,uofc,gaussian,10,3,3,2.5,,,hypervolume,100.0
199,uofc,gaussian,10,3,3,2.5,,,partition_density,100.0
199,uofc,gaussian,10,3,6,2.5,,,avg_partition_density,55.00000000000001
199,uofc,gaussian,10,3,2,2.5,,,max_avg_partition_density,66.7
199,uofc,gaussian,10,3,7,2.5,,,normalized_partition_coeff,56.39999999999999
199,uofc,gaussian,10,3,7,2.5,,,invariant,56.39999999999999
200,uofc,gaussian,10,4,4,0.5,,,silhouette,100.0
200,uofc,gaussian,10,4,4,0.5,,,trace,100.0
200,uofc,gaussian,10,4,4,0.5,,,hypervolume,100.0
200,uofc,gaussian,10,4,4,0.5,,,partition_density,100.0
200,uofc,gaussian,10,4,4,0.5,,,avg_partition_density,100.0
200,uofc,gaussian,10,4,4,0.5,,,max_avg_partition_density,100.0
200,uofc,gaussian,10,4,3,0.5,,,normalized_partition_coeff,75.0
200,uofc,gaussian,10,4,7,0.5,,,invariant,87.2
201,uofc,gaussian,10,4,4,1.0,,,silhouette,100.0
201,uofc,gaussian,10,4,4,1.0,,,trace,100.0
201,uofc,gaussian,10,4,4,1.0,,,hypervolume,100.0
201,uofc,gaussian,10,4,4,1.0,,,partition_density,100.0
201,uofc,gaussian,10,4,4,1.0,,,avg_partition_density,100.0
201,uofc,gaussian,10,4,4,1.0,,,max_avg_partition_density,100.0
201,uofc,gaussian,10,4,3,1.0,,,normalized_partition_coeff,75.0
201,uofc,gaussian,10,4,6,1.0,,,invariant,75.5
202,uofc,gaussian,10,4,4,2.0,,,silhouette,100.0
202,uofc,gaussian,10,4,4,2.0,,,trace,100.0
202,uofc,gaussian,10,4,4,2.0,,,hypervolume,100.0
202,uofc,gaussian,10,4,4,2.0,,,partition_density,100.0
202,uofc,gaussian,10,4,4,2.0,,,avg_partition_density,100.0
202,uofc,gaussian,10,4,5,2.0,,,max_avg_partition_density,88.7
202,uofc,gaussian,10,4,7,2.0,,,normalized_partition_coeff,78.60000000000001
202,uofc,gaussian,10,4,6,2.0,,,invariant,80.60000000000001
203,uofc,gaussian,10,4,2,2.5,,,silhouette,50.0
203,uofc,gaussian,10,4,4,2.5,,,trace,100.0
203,uofc,gaussian,10,4,4,2.5,,,hypervolume,100.0
203,uofc,gaussian,10,4,4,2.5,,,partition_density,100.0
203,uofc,gaussian,10,4,4,2.5,,,avg_partition_density,100.0
203,uofc,gaussian,10,4,5,2.5,,,max_avg_partition_density,91.4
203,uofc,gaussian,10,4,7,2.5,,,normalized_partition_coeff,69.69999999999999
203,uofc,gaussian,10,4,7,2.5,,,invariant,69.69999999999999
204,uofc,gaussian,10,5,5,0.5,,,silhouette,100.0
204,uofc,gaussian,10,5,5,0.5,,,trace,100.0
204,uofc,gaussian,10,5,5,0.5,,,hypervolume,100.0
204,uofc,gaussian,10,5,5,0.5,,,partition_density,100.0
204,uofc,gaussian,10,5,5,0.5,,,avg_partition_density,100.0
204,uofc,gaussian,10,5,5,0.5,,,max_avg_partition_density,100.0
204,uofc,gaussian,10,5,3,0.5,,,normalized_partition_coeff,60.0
204,uofc,gaussian,10,5,7,0.5,,,invariant,81.39999999999999
205,uofc,gaussian,10,5,5,1.0,,,silhouette,100.0
205,uofc,gaussian,10,5,5,1.0,,,trace,100.0
205,uofc,gaussian,10,5,5,1.0,,,hypervolume,100.0
205,uofc,gaussian,10,5,5,1.0,,,partition_density,100.0
205,uofc,gaussian,10,5,5,1.0,,,avg_partition_density,100.0
205,uofc,gaussian,10,5,6,1.0,,,max_avg_partition_density,90.5
205,uofc,gaussian,10,5,3,1.0,,,normalized_partition_coeff,60.0
205,uofc,gaussian,10,5,7,1.0,,,invariant,81.0
206,uofc,gaussian,10,5,5,2.0,,,silhouette,100.0
206,uofc,gaussian,10,5,5,2.0,,,trace,100.0
206,uofc,gaussian,10,5,5,2.0,,,hypervolume,100.0
206,uofc,gaussian,10,5,5,2.0,,,partition_density,100.0
206,uofc,gaussian,10,5,5,2.0,,,avg_partition_density,100.0
206,uofc,gaussian,10,5,6,2.0,,,max_avg_partition_density,93.2
206,uofc,gaussian,10,5,7,2.0,,,normalized_partition_coeff,81.6
206,uofc,gaussian,10,5,7,2.0,,,invariant,81.6
207,uofc,gaussian,10,5,5,2.5,,,silhouette,100.0
207,uofc,gaussian,10,5,5,2.5,,,trace,100.0
207,uofc,gaussian,10,5,5,2.5,,,hypervolume,100.0
207,uofc,gaussian,10,5,5,2.5,,,partition_density,100.0
207,uofc,gaussian,10,5,5,2.5,,,avg_partition_density,100.0
207,uofc,gaussian,10,5,6,2.5,,,max_avg_partition_density,95.3
207,uofc,gaussian,10,5,7,2.5,,,normalized_partition_coeff,88.1
207,uofc,gaussian,10,5,7,2.5,,,invariant,88.1
208,uofc,gaussian,10,6,6,0.5,,,silhouette,100.0
208,uofc,gaussian,10,6,6,0.5,,,trace,100.0
208,uofc,gaussian,10,6,6,0.5,,,hypervolume,100.0
208,uofc,gaussian,10,6,6,0.5,,,partition_density,100.0
208,uofc,gaussian,10,6,6,0.5,,,avg_partition_density,100.0
208,uofc,gaussian,10,6,6,0.5,,,max_avg_partition_density,100.0
208,uofc,gaussian,10,6,3,0.5,,,normalized_partition_coeff,50.0
208,uofc,gaussian,10,6,7,0.5,,,invariant,92.10000000000001
209,uofc,gaussian,10,6,6,1.0,,,silhouette,100.0
209,uofc,gaussian,10,6,6,1.0,,,trace,100.0
209,uofc,gaussian,10,6,6,1.0,,,hypervolume,100.0
209,uofc,gaussian,10,6,6,1.0,,,partition_density,100.0
209,uofc,gaussian,10,6,6,1.0,,,avg_partition_density,100.0
209,uofc,gaussian,10,6,6,1.0,,,max_avg_partition_density,100.0
209,uofc,gaussian,10,6,4,1.0,,,normalized_partition_coeff,66.7
209,uofc,gaussian,10,6,7,1.0,,,invariant,91.7
210,uofc,gaussian,10,6,6,2.0,,,silhouette,100.0
210,uofc,gaussian,10,6,6,2.0,,,trace,100.0
210,uofc,gaussian,10,6,6,2.0,,,hypervolume,100.0
210,uofc,gaussian,10,6,6,2.0,,,partition_density,100.0
210,uofc,gaussian,10,6,6,2.0,,,avg_partition_density,100.0
210,uofc,gaussian,10,6,6,2.0,,,max_avg_partition_density,100.0
210,uofc,gaussian,10,6,7,2.0,,,normalized_partition_coeff,94.19999999999999
210,uofc,gaussian,10,6,7,2.0,,,invariant,94.19999999999999
211,uofc,gaussian,10,6,6,2.5,,,silhouette,100.0
211,uofc,gaussian,10,6,6,2.5,,,trace,100.0
211,uofc,gaussian,10,6,6,2.5,,,hypervolume,100.0
211,uofc,gaussian,10,6,6,2.5,,,partition_density,100.0
211,uofc,gaussian,10,6,7,2.5,,,avg_partition_density,96.3
211,uofc,gaussian,10,6,7,2.5,,,max_avg_partition_density,96.3
211,uofc,gaussian,10,6,7,2.5,,,normalized_partition_coeff,96.3
211,uofc,gaussian,10,6,7,2.5,,,invariant,96.3
212,uofc,gaussian,10,7,7,0.5,,,silhouette,100.0
212,uofc,gaussian,10,7,7,0.5,,,trace,100.0
212,uofc,gaussian,10,7,7,0.5,,,hypervolume,100.0
212,uofc,gaussian,10,7,7,0.5,,,partition_density,100.0
212,uofc,gaussian,10,7,7,0.5,,,avg_partition_density,100.0
212,uofc,gaussian,10,7,7,0.5,,,max_avg_partition_density,100.0
212,uofc,gaussian,10,7,4,0.5,,,normalized_partition_coeff,57.199999999999996
212,uofc,gaussian,10,7,7,0.5,,,invariant,100.0
213,uofc,gaussian,10,7,7,1.0,,,silhouette,100.0
213,uofc,gaussian,10,7,7,1.0,,,trace,100.0
213,uofc,gaussian,10,7,7,1.0,,,hypervolume,100.0
213,uofc,gaussian,10,7,7,1.0,,,partition_density,100.0
213,uofc,gaussian,10,7,7,1.0,,,avg_partition_density,100.0
213,uofc,gaussian,10,7,7,1.0,,,max_avg_partition_density,100.0
213,uofc,gaussian,10,7,4,1.0,,,normalized_partition_coeff,57.199999999999996
213,uofc,gaussian,10,7,7,1.0,,,invariant,100.0
214,uofc,gaussian,10,7,7,2.0,,,silhouette,100.0
214,uofc,gaussian,10,7,7,2.0,,,trace,100.0
214,uofc,gaussian,10,7,7,2.0,,,hypervolume,100.0
214,uofc,gaussian,10,7,7,2.0,,,partition_density,100.0
214,uofc,gaussian,10,7,7,2.0,,,avg_partition_density,100.0
214,uofc,gaussian,10,7,7,2.0,,,max_avg_partition_density,100.0
214,uofc,gaussian,10,7,6,2.0,,,normalized_partition_coeff,85.7
214,uofc,gaussian,10,7,7,2.0,,,invariant,100.0
215,uofc,gaussian,10,7,7,2.5,,,silhouette,99.9
215,uofc,gaussian,10,7,7,2.5,,,trace,99.9
215,uofc,gaussian,10,7,7,2.5,,,hypervolume,99.9
215,uofc,gaussian,10,7,7,2.5,,,partition_density,99.9
215,uofc,gaussian,10,7,7,2.5,,,avg_partition_density,99.9
215,uofc,gaussian,10,7,7,2.5,,,max_avg_partition_density,99.9
215,uofc,gaussian,10,7,7,2.5,,,normalized_partition_coeff,99.9
215,uofc,gaussian,10,7,4,2.5,,,invariant,57.099999999999994
216,uofc,iris,4,3,2,,,,silhouette,66.66666666666666
216,uofc,iris,4,3,3,,,,trace,84.0
216,uofc,iris,4,3,7,,,,hypervolume,45.33333333333333
216,uofc,iris,4,3,2,,,,partition_density,66.66666666666666
216,uofc,iris,4,3,7,,,,avg_partition_density,45.33333333333333
216,uofc,iris,4,3,4,,,,max_avg_partition_density,70.66666666666667
216,uofc,iris,4,3,7,,,,normalized_partition_coeff,45.33333333333333
216,uofc,iris,4,3,5,,,,invariant,63.33333333333333
217,uofc,wine,13,3,3,,,,silhouette,96.62921348314607
217,uofc,wine,13,3,2,,,,trace,60.1123595505618
217,uofc,wine,13,3,3,,,,hypervolume,96.62921348314607
217,uofc,wine,13,3,3,,,,partition_density,96.62921348314607
217,uofc,wine,13,3,5,,,,avg_partition_density,73.03370786516854
217,uofc,wine,13,3,5,,,,max_avg_partition_density,73.03370786516854
217,uofc,wine,13,3,7,,,,normalized_partition_coeff,57.30337078651685
217,uofc,wine,13,3,6,,,,invariant,55.61797752808989
218,uofc,breast_cancer,30,2,2,,,,silhouette,91.3884007029877
218,uofc,breast_cancer,30,2,2,,,,trace,91.3884007029877
218,uofc,breast_cancer,30,2,4,,,,hypervolume,52.02108963093146
218,uofc,breast_cancer,30,2,3,,,,partition_density,69.77152899824253
218,uofc,breast_cancer,30,2,3,,,,avg_partition_density,69.77152899824253
218,uofc,breast_cancer,30,2,2,,,,max_avg_partition_density,91.3884007029877
218,uofc,breast_cancer,30,2,7,,,,normalized_partition_coeff,46.92442882249561
218,uofc,breast_cancer,30,2,7,,,,invariant,46.92442882249561
